name,pen y ghent-time,pen y ghent-position,ribblehead-time,ribblehead-position,whernside-time,whernside-position,hill inn-time,hill inn-position,ingleborough-time,ingleborough-position,finish-time,finish-position
Ben Rothery,00:29:12,2,01:18:48,4.0,01:47:51,2.0,02:04:51,1.0,02:32:02,1.0,03:00:00,1.0
Clovis Chaverot,00:29:27,5,01:18:10,2.0,01:48:37,3.0,02:06:18,2.0,02:35:20,2.0,03:07:32,2.0
Alistair Brownlee,00:28:44,1,01:18:04,1.0,01:46:55,1.0,02:07:21,3.0,02:35:23,3.0,03:08:00,3.0
Noel Yannick,00:29:35,6,01:20:23,7.0,01:51:51,5.0,02:10:41,5.0,02:38:55,4.0,03:08:37,4.0
Linton Taylor,00:29:43,7,01:20:18,6.0,01:52:49,7.0,02:11:08,6.0,02:41:32,5.0,03:11:44,5.0
Brennan Townshend,00:29:13,3,01:18:50,5.0,01:50:11,4.0,02:09:41,4.0,02:41:52,6.0,03:16:21,6.0
Henry Ruddell,00:30:54,10,01:23:12,9.0,01:55:22,8.0,02:13:56,8.0,02:44:52,7.0,03:16:37,7.0
Ricky Lightfoot,00:30:45,9,01:23:46,11.0,01:56:53,9.0,02:16:47,9.0,02:48:05,8.0,03:21:40,8.0
Timothy Johnston,00:34:08,48,01:30:27,33.0,02:05:08,24.0,02:23:58,22.0,02:54:36,13.0,03:25:24,9.0
Will Barton,00:31:40,18,01:25:57,16.0,02:00:02,11.0,02:20:05,11.0,02:53:19,10.0,03:26:23,10.0
Oliver Shaw,00:33:52,41,01:30:27,33.0,02:03:20,17.0,02:22:49,16.0,02:54:00,11.0,03:26:37,11.0
Gregor Malcolm,00:30:34,8,01:23:18,10.0,01:57:30,10.0,02:18:11,10.0,02:51:24,9.0,03:28:04,12.0
Richard Anderson,00:31:54,21,01:26:35,17.0,02:00:55,13.0,02:21:37,14.0,02:54:10,12.0,03:28:17,13.0
Rob Brown,00:33:38,37,01:30:04,29.0,02:05:17,26.0,02:24:53,23.0,02:57:11,17.0,03:29:31,14.0
Ben Coop,00:31:52,20,01:26:35,17.0,02:01:26,15.0,02:20:35,12.0,02:54:53,14.0,03:29:50,15.0
Felix Watts,00:31:48,19,01:30:03,28.0,02:05:13,25.0,02:25:20,25.0,02:57:15,18.0,03:30:10,16.0
Robert Barnby,00:31:08,14,01:24:48,13.0,02:00:42,12.0,02:20:46,13.0,02:56:40,15.0,03:30:50,17.0
Dominic Jones,00:32:42,27,01:28:46,23.0,02:03:38,19.0,02:23:07,17.0,02:57:53,19.0,03:31:57,18.0
Nathanael Booker,00:33:58,46,01:28:56,25.0,02:03:23,18.0,02:23:35,20.0,02:56:56,16.0,03:33:16,19.0
Nick Leigh,00:32:48,29,01:28:34,22.0,02:03:42,20.0,02:23:10,18.0,02:58:04,20.0,03:33:16,19.0
Daniel Bateson,00:33:18,34,01:30:41,36.0,02:05:38,28.0,02:25:41,26.0,02:59:32,21.0,03:33:21,21.0
Harry Kingston,00:32:26,24,01:29:01,26.0,02:05:25,27.0,02:25:47,27.0,03:01:22,23.0,03:35:56,22.0
Andy Laycock,00:33:47,40,01:30:06,30.0,02:06:02,30.0,02:25:54,28.0,03:01:37,24.0,03:37:05,23.0
Callum Coleman,00:32:50,31,01:28:53,24.0,02:06:28,31.0,02:27:55,29.0,03:02:07,25.0,03:37:40,24.0
Nic Ward,00:33:37,36,01:31:29,38.0,02:09:36,43.0,02:29:22,35.0,03:05:12,32.0,03:38:50,25.0
Liam Taylor,00:35:46,64,01:34:38,58.0,02:12:45,56.0,02:32:19,45.0,03:07:08,39.0,03:39:10,26.0
Julien Lhomme,00:33:53,43,01:30:11,31.0,02:06:48,32.0,02:28:11,31.0,03:03:51,27.0,03:39:21,27.0
Brian Mullins,00:35:31,58,01:34:43,60.0,02:10:18,47.0,02:30:33,42.0,03:04:39,31.0,03:39:28,28.0
Matthew Spoor,00:34:38,51,01:32:19,44.0,02:09:22,42.0,02:29:26,36.0,03:04:08,28.0,03:39:47,29.0
Tom Green,00:34:05,47,01:32:50,48.0,02:06:55,33.0,02:28:17,32.0,03:00:40,22.0,03:40:23,30.0
Jonny Steede,00:34:44,53,01:32:24,46.0,02:09:46,45.0,02:30:07,39.0,03:04:35,30.0,03:40:39,31.0
Mark McGoldrick,00:32:11,23,01:27:11,20.0,02:04:46,22.0,02:25:05,24.0,03:02:53,26.0,03:40:47,32.0
Nicholas Hopley,00:34:42,52,01:32:59,49.0,02:09:02,40.0,02:29:57,38.0,03:05:30,33.0,03:40:52,33.0
John Hunt,00:35:42,61,01:34:13,55.0,02:10:31,48.0,02:31:22,43.0,03:06:06,36.0,03:40:54,34.0
Hugh Watkin,00:32:59,32,01:31:36,39.0,02:08:50,39.0,02:30:26,40.0,03:05:54,35.0,03:41:00,35.0
Scott Coates,00:34:18,49,01:32:08,41.0,02:08:20,37.0,02:28:35,33.0,03:05:41,34.0,03:41:18,36.0
Ash Wright,00:33:40,38,01:30:52,37.0,02:07:20,35.0,02:28:03,30.0,03:04:08,28.0,03:42:00,37.0
Simon Jones,00:33:54,44,01:30:36,35.0,02:07:52,36.0,02:29:33,37.0,03:06:32,37.0,03:42:19,38.0
Mark Baines,00:36:26,83,01:38:44,90.0,02:14:33,67.0,02:35:04,57.0,03:07:18,41.0,03:42:26,39.0
Tim Brook,00:36:05,72,01:34:42,59.0,02:12:27,52.0,02:33:23,48.0,03:10:07,48.0,03:42:50,40.0
Frazer Durris,00:35:57,67,01:35:58,67.0,02:12:56,59.0,02:34:21,52.0,03:08:36,44.0,03:42:58,41.0
Richard Smith,00:36:11,73,01:35:12,61.0,02:11:38,50.0,02:33:49,49.0,03:07:06,38.0,03:43:04,42.0
Sonny Ashton Fitch,00:33:52,41,01:32:41,47.0,02:10:48,49.0,02:31:55,44.0,03:07:24,43.0,03:43:45,43.0
Nichola Jackson,00:35:23,57,01:34:11,53.0,02:13:52,62.0,02:34:19,51.0,03:13:06,51.0,03:45:55,44.0
Victoria Wilkinson,00:36:01,69,01:37:27,80.0,02:14:29,66.0,02:35:39,60.0,03:11:34,50.0,03:47:24,45.0
Laury Eloy,00:36:50,93,01:36:58,74.0,02:12:39,55.0,02:34:40,54.0,03:09:57,46.0,03:47:34,46.0
Laurie Corbel,00:32:30,26,01:30:11,31.0,02:07:09,34.0,02:30:26,40.0,03:07:12,40.0,03:47:38,47.0
Andrew Armin,00:36:22,81,01:36:52,72.0,02:12:49,57.0,02:34:49,55.0,03:10:04,47.0,03:48:21,48.0
Christopher Armit,00:33:18,34,01:32:23,45.0,02:09:42,44.0,02:32:20,46.0,03:10:10,49.0,03:49:17,49.0
Thomas Moss,00:36:11,73,01:36:51,71.0,02:16:19,71.0,02:38:26,69.0,03:15:03,58.0,03:49:56,50.0
Matt Driver,00:34:45,54,01:34:03,51.0,02:12:37,54.0,02:34:50,56.0,03:14:15,55.0,03:50:59,51.0
John Marrs,00:36:00,68,01:35:53,65.0,02:13:06,60.0,02:37:09,66.0,03:13:36,52.0,03:51:50,52.0
Hannah Russell,00:36:18,79,01:37:00,75.0,02:15:38,70.0,02:36:52,65.0,03:14:50,57.0,03:51:56,53.0
Angus McCance,00:36:42,89,01:36:47,70.0,02:15:13,69.0,02:36:51,64.0,03:13:46,53.0,03:52:27,54.0
Ben Garratt,00:36:56,96,01:39:22,96.0,02:17:46,75.0,02:41:32,79.0,03:16:55,60.0,03:52:46,55.0
Adam Osborne,00:32:43,28,01:29:43,27.0,02:03:48,21.0,02:23:50,21.0,03:07:22,42.0,03:52:57,56.0
James Eaton,00:31:12,16,01:27:03,19.0,02:05:07,23.0,02:29:08,34.0,03:09:36,45.0,03:53:21,57.0
Christian Garvey,00:39:10,159,01:44:21,153.0,02:23:06,118.0,02:44:04,93.0,03:19:07,72.0,03:53:51,58.0
Molly Browne,00:38:45,145,01:44:23,154.0,02:21:27,103.0,02:44:48,99.0,03:19:11,74.0,03:54:27,59.0
Doug Coleman,00:36:19,80,01:35:43,63.0,02:14:54,68.0,02:36:04,61.0,03:14:25,56.0,03:54:37,60.0
Matt Rowat,00:36:49,91,01:38:06,82.0,02:18:12,81.0,02:39:21,73.0,03:17:23,63.0,03:54:51,61.0
Anna Watkinson-Powell,00:38:19,130,01:41:51,113.0,02:20:26,95.0,02:41:33,80.0,03:18:21,70.0,03:54:59,62.0
Jonathan Smith,00:35:55,66,01:38:31,86.0,02:18:43,86.0,02:42:46,85.0,03:19:18,75.0,03:55:32,63.0
Jonathan Breeze,00:36:50,93,01:35:41,62.0,02:16:33,72.0,02:39:35,75.0,03:17:52,66.0,03:56:33,64.0
Ewan Sewell,00:36:49,91,01:39:52,97.0,02:21:21,101.0,02:43:26,90.0,03:19:10,73.0,03:56:44,65.0
Jonathan Hart,00:37:19,104,01:37:04,76.0,02:18:23,83.0,02:40:33,77.0,03:20:20,81.0,03:56:55,66.0
Mathew Bloomfield,00:36:24,82,01:37:39,81.0,02:16:40,73.0,02:39:30,74.0,03:17:33,65.0,03:57:05,67.0
Steve Hopwood,00:38:05,123,01:41:09,103.0,02:22:04,106.0,02:43:53,92.0,03:21:33,84.0,03:57:06,68.0
Victoria Sewell,00:38:18,128,01:44:15,147.0,02:27:09,144.0,02:48:30,122.0,03:24:10,94.0,03:57:33,69.0
Robert Green,00:35:40,60,01:37:08,78.0,02:17:01,74.0,02:39:17,72.0,03:18:13,68.0,03:57:49,70.0
Matthew Holroyd,00:36:34,86,01:38:21,84.0,02:17:54,78.0,02:39:08,70.0,03:18:17,69.0,03:58:05,71.0
Joseph Martlew,00:38:16,127,01:42:23,120.0,02:22:10,108.0,02:45:28,105.0,03:22:37,87.0,03:59:18,72.0
James Logue,00:35:45,63,01:36:06,68.0,02:17:47,76.0,02:39:09,71.0,03:20:25,83.0,03:59:49,73.0
Adrian Payne,00:37:03,97,01:38:24,85.0,02:19:14,88.0,02:42:03,82.0,03:20:20,81.0,04:00:00,74.0
Matt Livesey,00:33:41,39,01:32:10,42.0,02:09:54,46.0,02:33:50,50.0,03:15:45,59.0,04:00:26,75.0
Paul Lawton,00:36:14,75,01:38:33,87.0,02:20:48,97.0,02:44:24,95.0,03:24:09,93.0,04:00:26,75.0
Leon Barnes,00:35:15,56,01:34:21,57.0,02:14:17,64.0,02:35:37,59.0,03:14:13,54.0,04:00:30,77.0
Rorie McIntosh,00:36:40,88,01:38:40,88.0,02:18:30,84.0,02:42:45,84.0,03:20:02,80.0,04:00:46,78.0
John Brook,00:40:58,216,01:41:48,111.0,02:21:50,104.0,02:43:22,89.0,03:25:43,99.0,04:00:53,79.0
Joe Wilkinson,00:30:56,12,01:28:31,21.0,02:08:21,38.0,02:32:47,47.0,03:18:52,71.0,04:00:53,79.0
Ian Rowan,00:37:07,98,01:41:57,115.0,02:21:58,105.0,02:44:45,98.0,03:23:18,88.0,04:00:58,81.0
Bruce Fanshawe,00:33:57,45,01:31:46,40.0,02:12:24,51.0,02:37:45,68.0,03:17:10,62.0,04:01:20,82.0
James Riley,00:36:26,83,01:37:23,79.0,02:17:51,77.0,02:41:37,81.0,03:19:55,78.0,04:01:28,83.0
Marc Hartley,00:35:49,65,01:34:08,52.0,02:14:14,63.0,02:37:22,67.0,03:20:00,79.0,04:01:45,84.0
Chris Kemp,00:39:44,183,01:43:00,127.0,02:22:55,115.0,02:45:37,106.0,03:24:40,95.0,04:01:49,85.0
Oli Cox,00:39:15,162,01:43:24,134.0,02:22:49,113.0,02:44:31,97.0,03:23:36,89.0,04:02:06,86.0
Philip Hinchcliffe,00:36:17,77,01:36:57,73.0,02:18:00,79.0,02:44:05,94.0,03:22:33,86.0,04:03:12,87.0
Tom Renwick,00:34:33,50,01:34:16,56.0,02:12:32,53.0,02:41:01,78.0,03:19:30,76.0,04:03:17,88.0
Danny Elliott,00:39:12,160,01:45:01,164.0,02:26:04,136.0,02:48:59,123.0,03:27:59,110.0,04:03:35,89.0
Murray Humphrey,00:37:28,109,01:40:53,101.0,02:21:24,102.0,02:44:57,101.0,03:23:56,91.0,04:04:05,90.0
Alex Jones,00:37:42,112,01:41:22,104.0,02:20:55,98.0,02:42:59,87.0,03:23:51,90.0,04:04:28,91.0
Dave Prosser,00:38:53,151,01:42:44,123.0,02:23:03,116.0,02:46:16,110.0,03:26:25,103.0,04:05:02,92.0
Thomas Beaumont,00:38:28,135,01:41:36,107.0,02:20:33,96.0,02:42:51,86.0,03:25:01,97.0,04:05:33,93.0
Luke Cranfield,00:37:18,103,01:38:59,92.0,02:19:51,91.0,02:43:32,91.0,03:24:01,92.0,04:05:35,94.0
Conor Parkes,00:38:45,145,01:44:25,157.0,02:25:05,128.0,02:48:04,121.0,03:26:12,102.0,04:05:46,95.0
Mark Cox,00:37:41,111,01:42:19,119.0,02:23:44,122.0,02:47:33,116.0,03:25:27,98.0,04:06:40,96.0
Peter Clarke,00:36:37,87,01:39:13,94.0,02:20:06,92.0,02:46:36,112.0,03:27:01,106.0,04:07:09,97.0
James Wilkins,00:36:17,77,01:39:19,95.0,02:18:35,85.0,02:42:10,83.0,03:21:53,85.0,04:07:19,98.0
Alex Jones,00:38:59,153,01:43:52,141.0,02:25:14,129.0,02:49:04,125.0,03:28:42,114.0,04:08:17,99.0
Josh Hartley,00:34:55,55,01:34:12,54.0,02:14:25,65.0,02:36:16,62.0,03:19:34,77.0,04:08:36,100.0
Robin Lawrence,00:41:31,240,01:47:39,196.0,02:28:24,166.0,02:50:17,134.0,03:30:42,122.0,04:08:42,101.0
Virgil Barton,00:39:36,177,01:43:02,129.0,02:23:05,117.0,02:45:43,107.0,03:25:56,100.0,04:09:24,102.0
Rowan Scott,00:38:51,149,01:45:50,172.0,02:27:12,145.0,02:49:07,126.0,03:30:40,121.0,04:09:58,103.0
William Pickles,00:41:21,233,01:47:42,198.0,02:28:01,158.0,02:51:10,138.0,03:31:19,125.0,04:10:02,104.0
Jenny Roberts,00:40:24,197,01:46:14,178.0,02:28:07,159.0,02:51:49,142.0,03:32:22,128.0,04:10:05,105.0
Andy Ford,00:37:23,106,01:38:40,88.0,02:18:16,82.0,02:39:42,76.0,03:17:28,64.0,04:10:16,106.0
Mark Leigh,00:38:06,124,01:43:14,133.0,02:22:15,109.0,02:45:50,108.0,03:27:08,107.0,04:10:32,107.0
Adam Lloyd,00:41:31,240,01:48:48,215.0,02:28:51,171.0,02:52:39,151.0,03:30:00,119.0,04:10:39,108.0
Lewis Hinchcliffe,00:36:14,75,01:37:04,76.0,02:18:07,80.0,02:46:02,109.0,03:26:26,104.0,04:10:48,109.0
Meryl Cooper,00:44:21,350,01:51:41,238.0,02:32:44,209.0,02:54:27,169.0,03:34:45,140.0,04:10:52,110.0
Rhona Marshall,00:38:44,144,01:42:48,124.0,02:24:37,126.0,02:49:11,127.0,03:29:50,118.0,04:11:12,111.0
James Franklin,00:40:29,200,01:45:02,165.0,02:27:21,149.0,02:52:07,147.0,03:31:09,124.0,04:11:29,112.0
Andrew Bowett,00:38:56,152,01:42:07,118.0,02:28:57,172.0,02:54:01,162.0,03:34:11,137.0,04:11:34,113.0
Patrick Needham,00:35:37,59,01:36:16,69.0,02:20:22,93.0,02:44:25,96.0,03:28:06,111.0,04:11:43,114.0
Suzy Whatmough,00:40:06,191,01:46:21,181.0,02:25:34,132.0,02:50:40,136.0,03:29:11,115.0,04:12:22,115.0
Chris Kay,00:37:53,115,01:42:53,125.0,02:23:09,119.0,02:47:36,118.0,03:27:44,109.0,04:12:31,116.0
Robert Preston,00:37:59,117,01:42:00,117.0,02:23:19,121.0,02:47:30,114.0,03:30:04,120.0,04:12:39,117.0
Sam Sharples,00:36:02,70,01:38:51,91.0,02:22:42,111.0,02:48:02,119.0,03:31:06,123.0,04:12:42,118.0
Matthew Jones,00:38:04,121,01:41:57,115.0,02:22:52,114.0,02:46:30,111.0,03:32:39,129.0,04:12:47,119.0
Walter Henderson,00:40:55,214,01:48:20,204.0,02:30:02,183.0,02:53:58,161.0,03:33:31,133.0,04:12:55,120.0
Robert West,00:37:13,100,01:39:08,93.0,02:19:06,87.0,02:44:51,100.0,03:28:27,112.0,04:14:05,121.0
Dominic McLarnon,00:38:09,125,01:41:30,105.0,02:22:08,107.0,02:45:22,104.0,03:25:59,101.0,04:14:30,122.0
Richard Stevenson,00:36:28,85,01:38:15,83.0,02:19:39,90.0,02:43:21,88.0,03:29:27,116.0,04:14:35,123.0
Emma Moran,00:35:42,61,01:35:55,66.0,02:13:32,61.0,02:36:42,63.0,03:18:12,67.0,04:14:38,124.0
Helena Croft,00:41:01,219,01:48:21,205.0,02:30:23,187.0,02:53:23,155.0,03:34:20,139.0,04:14:53,125.0
Gabor Nyers,00:39:04,157,01:44:09,146.0,02:24:10,125.0,02:49:25,129.0,03:28:34,113.0,04:14:59,126.0
Ian Furlong,00:39:23,167,01:47:07,190.0,02:27:46,154.0,02:52:38,150.0,03:32:55,131.0,04:15:06,127.0
Mark Denby,00:37:30,110,01:41:53,114.0,02:22:44,112.0,02:47:31,115.0,03:26:57,105.0,04:15:11,128.0
John Skelton,00:39:16,163,01:44:37,161.0,02:28:19,163.0,02:51:59,143.0,03:33:30,132.0,04:15:20,129.0
Simon Blunden,00:41:19,231,01:47:25,194.0,02:28:20,165.0,02:54:01,162.0,03:33:33,134.0,04:15:42,130.0
Michael Sanderson,00:41:26,236,01:48:35,213.0,02:32:52,211.0,02:56:26,181.0,03:39:04,169.0,04:15:52,131.0
Craig Gath,00:38:34,139,01:43:30,135.0,02:21:09,100.0,02:45:01,102.0,03:24:43,96.0,04:16:00,132.0
Tom L Birkhead,00:38:02,120,01:41:37,108.0,02:25:30,131.0,02:49:57,132.0,03:35:59,151.0,04:16:06,133.0
Dermot Meehan,00:41:09,224,01:47:40,197.0,02:30:37,189.0,02:55:36,176.0,03:36:34,155.0,04:16:35,134.0
Gareth Tomlinson,00:39:36,177,01:44:19,152.0,02:25:57,134.0,02:51:35,141.0,03:32:19,127.0,04:16:45,135.0
Alan Cieslar,00:40:26,199,01:44:40,162.0,02:28:46,170.0,02:56:55,186.0,03:36:01,152.0,04:16:46,136.0
Jason Phillips,00:37:53,115,01:41:39,109.0,02:21:03,99.0,02:48:03,120.0,03:27:16,108.0,04:17:13,137.0
Matthias Mueller,00:42:11,266,01:51:23,237.0,02:33:06,213.0,02:59:16,206.0,03:37:57,164.0,04:17:22,138.0
Zak Buttle,00:38:31,137,01:46:27,184.0,02:30:19,186.0,02:55:16,173.0,03:34:48,142.0,04:17:25,139.0
Kevin Doyle,00:40:30,201,01:48:25,209.0,02:29:58,182.0,02:53:54,159.0,03:35:24,146.0,04:17:35,140.0
Luke O'Hara,00:38:42,143,01:41:30,105.0,02:24:07,124.0,02:47:33,116.0,03:33:51,136.0,04:17:37,141.0
Oscar Devine-Wright,00:39:46,185,01:44:18,151.0,02:27:03,143.0,02:52:03,145.0,03:35:19,145.0,04:18:01,142.0
Patrick Devine-Wright,00:39:40,180,01:44:17,149.0,02:24:42,127.0,02:52:02,144.0,03:35:15,143.0,04:18:02,143.0
Alfie Devine-Wright,00:39:40,180,01:44:17,149.0,02:26:16,138.0,02:52:05,146.0,03:35:17,144.0,04:18:03,144.0
Steven Newell,00:41:05,221,01:46:12,176.0,02:27:29,152.0,02:52:16,149.0,03:36:04,153.0,04:18:17,145.0
Jamie Collin,00:39:34,174,01:44:23,154.0,02:27:17,148.0,02:51:29,139.0,03:37:01,158.0,04:18:19,146.0
Paul Baker,00:40:17,195,01:46:13,177.0,02:29:41,175.0,02:56:19,179.0,03:37:25,160.0,04:18:36,147.0
Nicholas Colburn,00:32:28,25,01:43:58,143.0,02:22:17,110.0,02:49:28,130.0,03:31:25,126.0,04:18:41,148.0
Adam Worrallo,00:38:21,131,01:42:25,121.0,02:25:42,133.0,02:50:40,136.0,03:34:18,138.0,04:19:17,149.0
Callum Keen,00:39:36,177,01:44:27,158.0,02:26:14,137.0,02:49:12,128.0,03:32:43,130.0,04:19:22,150.0
Stephen Wilkes,00:38:37,141,01:41:40,110.0,02:26:01,135.0,02:50:29,135.0,03:35:57,150.0,04:19:23,151.0
James Ritchie,00:42:08,264,01:47:52,199.0,02:29:52,180.0,02:55:38,177.0,03:35:42,149.0,04:19:32,152.0
Wayne Gregson,00:38:34,139,01:46:50,187.0,02:29:53,181.0,02:54:10,165.0,03:36:46,157.0,04:19:40,153.0
David Griffin,00:39:01,155,01:45:56,174.0,02:29:46,177.0,02:53:55,160.0,03:35:31,148.0,04:19:43,154.0
Ethan Butler,00:37:21,105,01:43:05,131.0,02:26:23,140.0,02:49:33,131.0,03:35:24,146.0,04:19:58,155.0
Benjamin Wray,00:37:10,99,01:41:50,112.0,02:29:45,176.0,02:54:13,167.0,03:39:15,170.0,04:20:25,156.0
Jonathan Ridge,00:40:48,210,01:49:42,225.0,02:32:49,210.0,02:58:08,193.0,03:40:23,177.0,04:20:38,157.0
David Rickards,00:37:26,107,01:43:31,137.0,02:25:22,130.0,02:51:32,140.0,03:34:47,141.0,04:20:38,157.0
John Mason,00:42:00,251,01:48:52,218.0,02:34:55,226.0,02:59:11,205.0,03:42:18,190.0,04:20:58,159.0
Jordan Calcutt,00:40:13,193,01:48:33,211.0,02:32:02,202.0,02:57:34,189.0,03:38:12,165.0,04:21:09,160.0
Stephen Hardy,00:39:33,173,01:48:14,203.0,02:31:17,192.0,02:56:45,185.0,03:41:00,182.0,04:21:09,160.0
Ronan Loftus,00:41:53,244,01:48:58,219.0,02:33:03,212.0,02:55:33,175.0,03:39:19,171.0,04:21:12,162.0
Ruth Thackray,00:40:38,207,01:48:48,215.0,02:31:24,194.0,02:56:31,183.0,03:38:26,166.0,04:21:22,163.0
Joshua Ruddiman-Futers,00:36:51,95,01:40:14,98.0,02:24:01,123.0,02:48:59,123.0,03:33:48,135.0,04:21:42,164.0
David Todd,00:39:32,172,01:47:26,195.0,02:29:51,179.0,02:56:20,180.0,03:37:24,159.0,04:21:51,165.0
Rhianna Fielden,00:42:50,293,01:52:09,250.0,02:33:38,215.0,02:58:43,201.0,03:39:41,173.0,04:21:55,166.0
Curtis Firth,00:40:39,208,01:46:59,189.0,02:31:26,195.0,02:55:09,172.0,03:40:33,181.0,04:22:13,167.0
Tom Cooper,00:40:20,196,01:48:24,208.0,02:32:19,206.0,02:56:12,178.0,03:42:27,191.0,04:23:27,168.0
Jake Warwick,00:42:05,260,01:53:37,285.0,02:38:15,253.0,03:03:59,234.0,03:44:38,200.0,04:23:31,169.0
James Graham,00:40:14,194,01:45:03,166.0,02:28:32,168.0,02:53:34,157.0,03:37:26,161.0,04:23:32,170.0
Matthew Burden,00:39:01,155,01:43:46,140.0,02:34:38,222.0,02:58:35,200.0,03:43:36,196.0,04:23:39,171.0
Alex Loftus,00:41:28,238,01:48:23,207.0,02:28:16,162.0,02:57:12,187.0,03:37:41,163.0,04:23:57,172.0
Ben Smith,00:41:11,226,01:47:18,192.0,02:28:24,166.0,02:57:13,188.0,03:37:39,162.0,04:23:57,172.0
Margaret Beever,00:40:32,202,01:47:24,193.0,02:31:23,193.0,02:58:19,196.0,03:40:25,179.0,04:24:15,174.0
Will Broad,00:38:59,153,01:44:57,163.0,02:27:13,146.0,02:53:20,154.0,03:36:35,156.0,04:24:28,175.0
Philip Hewitt,00:41:26,236,01:52:35,257.0,02:36:25,234.0,03:02:40,226.0,03:44:37,199.0,04:24:30,176.0
Matthew MacDonald,00:40:24,197,01:49:02,220.0,02:31:31,197.0,02:56:38,184.0,03:41:29,185.0,04:24:38,177.0
Daryl Hibberd,00:41:58,249,01:49:25,223.0,02:35:06,229.0,03:01:35,220.0,03:44:35,198.0,04:24:50,178.0
Ed Shakespeare,00:42:08,264,01:52:01,242.0,02:34:40,223.0,02:58:30,198.0,03:41:54,187.0,04:24:59,179.0
Anna Burt,00:40:54,213,01:49:55,226.0,02:33:39,216.0,02:59:29,207.0,03:42:45,194.0,04:25:01,180.0
Lucy Williamson,00:38:01,119,01:40:27,99.0,02:20:23,94.0,02:45:04,103.0,03:29:42,117.0,04:25:12,181.0
Richard Veitch,00:42:52,296,01:54:25,298.0,02:38:06,251.0,03:03:58,233.0,03:44:55,204.0,04:25:33,182.0
Rick Jenner,00:39:31,170,01:45:42,171.0,02:28:10,160.0,02:55:03,171.0,03:38:59,167.0,04:25:50,183.0
John Himsworth,00:44:25,353,01:55:00,301.0,02:36:58,240.0,03:02:12,223.0,03:41:32,186.0,04:26:16,184.0
Niamh Jackson,00:41:36,242,01:50:38,229.0,02:34:01,217.0,03:00:34,211.0,03:42:47,195.0,04:26:19,185.0
Joshua Day,00:43:35,319,01:55:04,302.0,02:36:50,238.0,03:01:31,219.0,03:42:38,193.0,04:26:42,186.0
Neal Bann,00:38:27,134,01:43:57,142.0,02:27:52,155.0,02:53:32,156.0,03:40:27,180.0,04:26:54,187.0
Scott Cunliffe,00:38:22,132,01:44:15,147.0,02:27:23,150.0,02:54:09,164.0,03:39:02,168.0,04:26:58,188.0
Ross Litherland,00:42:04,258,01:52:55,267.0,02:31:57,200.0,02:56:28,182.0,03:36:29,154.0,04:27:03,189.0
David Vrettos,00:39:50,186,01:45:21,169.0,02:30:11,184.0,02:57:56,191.0,03:40:23,177.0,04:27:16,190.0
Gary Rowling,00:38:04,121,01:42:58,126.0,02:26:17,139.0,02:50:03,133.0,03:39:22,172.0,04:27:18,191.0
Cairn Morrison,00:38:25,133,01:43:45,139.0,02:27:15,147.0,02:53:44,158.0,03:40:12,176.0,04:27:21,192.0
Donald Macrae,00:39:31,170,01:43:30,135.0,02:27:52,155.0,02:54:24,168.0,03:40:01,175.0,04:27:32,193.0
Chris Emsley,00:36:02,70,01:41:00,102.0,02:23:12,120.0,02:52:09,148.0,03:41:00,182.0,04:28:16,194.0
Tim Reid,00:42:01,253,01:50:46,230.0,02:34:43,224.0,02:58:08,193.0,03:44:58,205.0,04:28:51,195.0
Darrel Porter,00:42:37,285,01:51:00,232.0,02:35:54,233.0,03:02:32,224.0,03:44:54,203.0,04:29:59,196.0
Harry Wilkinson,00:39:17,164,01:49:09,221.0,02:32:14,205.0,02:58:52,202.0,03:44:51,202.0,04:30:15,197.0
Steven Sladdin,00:37:15,101,01:43:11,132.0,02:27:59,157.0,02:54:51,170.0,03:42:28,192.0,04:30:19,198.0
Rick Steckles,00:39:18,165,01:44:02,144.0,02:28:19,163.0,02:52:43,152.0,03:42:04,188.0,04:30:34,199.0
Thomas Payne,00:39:35,176,01:47:16,191.0,02:32:09,203.0,02:58:22,197.0,03:46:54,213.0,04:30:48,200.0
Robert Dickinson,00:45:30,404,01:53:15,274.0,02:36:45,236.0,03:05:03,244.0,03:49:36,224.0,04:30:50,201.0
Masako Kondo,00:42:17,270,01:51:51,240.0,02:36:35,235.0,03:03:33,231.0,03:46:27,211.0,04:31:01,202.0
Daniel Jenkins,00:39:52,187,01:46:50,187.0,02:32:27,207.0,03:01:19,217.0,03:46:32,212.0,04:31:09,203.0
Mark Rogerson,00:38:51,149,01:43:40,138.0,02:29:48,178.0,02:58:52,202.0,03:43:50,197.0,04:31:14,204.0
Martin Broadhead,00:40:57,215,01:52:18,254.0,02:38:28,255.0,03:05:00,243.0,03:48:05,219.0,04:31:16,205.0
Jerome McAllister,00:40:36,205,01:47:55,200.0,02:32:43,208.0,03:00:28,210.0,03:45:23,208.0,04:31:33,206.0
Andy Casson,00:39:29,169,01:48:02,201.0,02:30:16,185.0,02:58:04,192.0,03:41:12,184.0,04:31:49,207.0
David Cousins,00:41:29,239,01:48:44,214.0,02:32:10,204.0,02:58:33,199.0,03:44:42,201.0,04:32:00,208.0
Matthew Hayes,00:39:45,184,01:46:25,183.0,02:31:30,196.0,03:01:47,221.0,03:48:03,218.0,04:32:09,209.0
Garth Spencer,00:42:23,275,01:50:25,227.0,02:34:48,225.0,03:00:25,209.0,03:45:50,209.0,04:32:24,210.0
Matthew Farrer,00:45:56,434,01:55:28,307.0,02:39:02,265.0,03:03:29,229.0,03:50:05,225.0,04:32:39,211.0
Graeme Smith,00:43:20,305,01:52:52,265.0,02:38:43,262.0,03:05:12,246.0,03:49:00,221.0,04:32:44,212.0
Abbie Walker,00:44:43,365,01:56:06,318.0,02:39:09,266.0,03:03:30,230.0,03:46:21,210.0,04:32:46,213.0
Dean Barnett,00:41:16,229,01:52:50,262.0,02:38:23,254.0,03:04:32,238.0,03:47:52,216.0,04:32:58,214.0
Ed Hammerton,00:44:03,339,01:59:53,391.0,02:43:40,312.0,03:08:56,281.0,03:51:15,236.0,04:33:29,215.0
John Bramwell,00:41:51,243,01:52:15,253.0,02:37:52,249.0,03:05:23,248.0,03:47:59,217.0,04:33:52,216.0
George Dibble,00:41:18,230,01:52:02,243.0,02:36:51,239.0,03:01:22,218.0,03:49:13,222.0,04:34:38,217.0
Nickey Russell,00:45:20,397,01:57:53,351.0,02:43:31,309.0,03:08:49,280.0,03:52:06,243.0,04:34:44,218.0
Naomi McCurry,00:43:49,329,01:56:16,322.0,02:43:21,308.0,03:10:32,299.0,03:53:34,252.0,04:35:04,219.0
James Chan,00:45:07,385,01:55:12,305.0,02:41:18,294.0,03:08:35,278.0,03:52:59,250.0,04:35:19,220.0
Robin McLeod,00:46:19,466,02:00:40,412.0,02:46:46,349.0,03:09:45,289.0,03:53:43,254.0,04:35:27,221.0
Nicola Richards,00:43:26,309,01:54:13,292.0,02:39:50,275.0,03:06:08,254.0,03:51:57,242.0,04:35:57,222.0
Mike Gillibrand,00:43:45,326,01:53:33,283.0,02:38:38,259.0,03:06:24,260.0,03:51:14,235.0,04:36:00,223.0
Richard Herrington,00:37:15,101,01:43:03,130.0,02:37:33,245.0,03:07:19,265.0,03:51:27,238.0,04:36:05,224.0
Nicholas Plant,00:44:44,367,01:55:08,303.0,02:41:06,293.0,03:08:00,273.0,03:52:53,249.0,04:36:11,225.0
Sammy Lupari,00:43:03,302,01:52:28,256.0,02:39:29,268.0,03:06:41,261.0,03:54:07,259.0,04:36:47,226.0
Benjamin Potter,00:38:31,137,01:44:27,158.0,02:27:28,151.0,02:53:14,153.0,03:39:46,174.0,04:37:09,227.0
Steve Lomas,00:42:03,256,01:52:45,260.0,02:37:16,241.0,03:04:00,235.0,03:49:13,222.0,04:37:13,228.0
Donald Waters,00:37:59,117,01:42:29,122.0,02:26:43,142.0,02:54:12,166.0,03:42:16,189.0,04:37:34,229.0
Jack Freeman,00:42:00,251,01:48:30,210.0,02:35:26,231.0,03:04:59,242.0,03:51:47,241.0,04:37:52,230.0
Alice Lilley,00:42:28,279,01:53:26,279.0,02:38:58,264.0,03:05:47,252.0,03:50:33,230.0,04:37:58,231.0
Adam Johnstone,00:43:43,323,01:53:43,288.0,02:40:13,279.0,03:07:33,271.0,03:53:49,256.0,04:38:10,232.0
Christian Waller,00:42:12,267,01:54:21,297.0,02:40:36,285.0,03:10:00,293.0,03:54:33,262.0,04:38:12,233.0
Alex Galloway,00:42:03,256,01:48:21,205.0,02:34:24,219.0,03:04:37,239.0,03:51:45,240.0,04:38:16,234.0
Kay Welsby,00:42:16,269,01:52:14,252.0,02:40:57,291.0,03:09:23,286.0,03:52:38,247.0,04:38:24,235.0
James Browne,00:37:27,108,01:45:32,170.0,02:27:31,153.0,03:00:04,208.0,03:45:19,207.0,04:38:47,236.0
Joseph McKeown,00:42:19,272,01:52:06,246.0,02:38:36,257.0,03:05:56,253.0,03:52:12,244.0,04:38:58,237.0
Gareth Harland,00:42:14,268,01:53:09,272.0,02:40:43,288.0,03:06:21,258.0,03:54:48,265.0,04:39:06,238.0
Will Stredwick,00:43:59,335,01:55:44,312.0,02:38:47,263.0,03:03:55,232.0,03:50:32,229.0,04:39:08,239.0
Chris Cummins,00:39:19,166,01:45:12,168.0,02:31:15,191.0,03:01:13,216.0,03:50:05,225.0,04:39:11,240.0
Ross Bell,00:41:24,235,01:53:31,282.0,02:37:18,243.0,03:06:18,256.0,03:52:51,248.0,04:39:16,241.0
Hannah Blatchly,00:42:30,280,01:53:20,276.0,02:38:40,261.0,03:05:33,250.0,03:50:45,233.0,04:39:19,242.0
Rich Allen,00:41:22,234,01:48:34,212.0,02:34:33,221.0,03:01:49,222.0,03:50:42,232.0,04:39:30,243.0
Lee Daglish,00:45:22,399,01:54:15,294.0,02:39:54,276.0,03:07:32,270.0,03:55:19,268.0,04:39:32,244.0
Henry Webb,00:30:54,10,01:22:59,8.0,02:01:37,16.0,02:23:34,19.0,03:16:58,61.0,04:39:34,245.0
Simon Rycroft,00:40:33,203,01:46:16,179.0,02:33:27,214.0,02:57:52,190.0,03:50:23,227.0,04:39:40,246.0
Mick Loftus,00:40:53,212,01:50:30,228.0,02:37:44,248.0,03:05:11,245.0,03:53:27,251.0,04:39:54,247.0
Mick Procter,00:46:26,474,01:59:44,385.0,02:47:00,353.0,03:14:24,333.0,03:57:48,287.0,04:39:56,248.0
Ben West,00:47:11,513,02:03:06,452.0,02:47:39,363.0,03:14:33,336.0,03:57:51,289.0,04:39:57,249.0
Mark Robbins,00:46:25,473,01:56:13,319.0,02:40:40,287.0,03:07:23,268.0,03:51:18,237.0,04:40:03,250.0
Lucy Collins,00:42:30,280,01:52:40,258.0,02:39:20,267.0,03:07:21,267.0,03:53:45,255.0,04:40:28,251.0
Richard Atkins,00:41:13,228,01:51:05,234.0,02:35:03,228.0,03:02:33,225.0,03:52:33,245.0,04:40:35,252.0
Joe Southall,00:45:41,415,01:59:19,377.0,02:45:33,331.0,03:11:54,312.0,03:56:18,275.0,04:40:38,253.0
Kirsty-Jane Birch,00:45:00,378,01:58:24,360.0,02:44:16,319.0,03:12:10,314.0,03:56:25,277.0,04:40:51,254.0
Alex Fawcett,00:40:39,208,01:46:38,186.0,02:32:00,201.0,02:58:11,195.0,03:47:05,215.0,04:40:52,255.0
Matthew Greig,00:46:19,466,02:00:18,403.0,02:44:54,323.0,03:10:08,295.0,03:54:07,259.0,04:40:55,256.0
Mark Chippendale,00:43:46,327,01:55:32,308.0,02:40:11,278.0,03:07:24,269.0,03:54:41,264.0,04:41:15,257.0
Avril Duckworth,00:42:48,290,01:56:57,333.0,02:43:46,313.0,03:11:17,308.0,03:57:38,285.0,04:41:21,258.0
Daniel Taylor,00:44:25,353,01:56:46,327.0,02:43:32,310.0,03:11:20,309.0,03:56:46,280.0,04:41:51,259.0
Simon Vallance,00:41:56,247,01:53:28,281.0,02:40:50,289.0,03:08:17,274.0,03:55:51,271.0,04:41:51,259.0
George Fidczuk,00:42:41,288,01:52:19,255.0,02:40:19,281.0,03:06:42,262.0,03:56:40,279.0,04:42:09,261.0
David Coleshill,00:44:37,360,01:56:57,333.0,02:42:18,301.0,03:09:26,288.0,03:57:46,286.0,04:42:11,262.0
Richard Bould,00:43:40,321,01:55:57,315.0,02:43:37,311.0,03:10:22,298.0,03:55:57,273.0,04:42:17,263.0
Hem Rana,00:45:01,379,01:55:39,310.0,02:44:45,321.0,03:12:50,319.0,04:01:03,309.0,04:42:19,264.0
Jamie Graham,00:39:53,188,01:49:36,224.0,02:34:59,227.0,03:01:07,215.0,03:56:34,278.0,04:42:19,264.0
Jamie Arkle,00:40:34,204,01:46:32,185.0,02:30:31,188.0,02:59:02,204.0,03:50:23,227.0,04:43:00,266.0
Daniel Blythe,00:42:07,263,01:52:59,270.0,02:40:30,284.0,03:10:55,304.0,03:58:34,293.0,04:43:06,267.0
Peter Murray,00:45:05,383,01:57:15,342.0,02:46:10,343.0,03:14:29,335.0,04:00:54,307.0,04:43:13,268.0
Stephanie Wood,00:46:27,476,01:58:25,361.0,02:45:00,326.0,03:09:52,292.0,03:58:55,296.0,04:43:17,269.0
John Simpson,00:44:53,373,01:56:39,324.0,02:45:10,329.0,03:12:37,318.0,04:01:13,313.0,04:43:19,270.0
Edward Powell,00:41:04,220,01:52:08,248.0,02:39:40,272.0,03:07:19,265.0,03:55:35,270.0,04:43:20,271.0
Robert Gittins,00:45:18,395,01:57:04,338.0,02:44:57,324.0,03:09:21,285.0,03:59:14,298.0,04:43:21,272.0
Nicholas Rao,00:41:00,217,01:52:08,248.0,02:39:35,270.0,03:07:17,264.0,03:55:33,269.0,04:43:22,273.0
Paul Tiffany,00:44:32,357,01:53:41,287.0,02:42:37,303.0,03:09:51,291.0,03:59:03,297.0,04:43:29,274.0
Pete Jobes,00:40:10,192,01:48:06,202.0,02:34:26,220.0,03:03:00,228.0,03:50:37,231.0,04:43:34,275.0
Matthew Baines,00:42:33,282,01:51:01,233.0,02:43:59,315.0,03:12:14,316.0,04:01:06,310.0,04:43:39,276.0
Martin Preston,00:46:12,456,01:57:03,337.0,02:42:55,305.0,03:10:00,293.0,03:57:08,281.0,04:43:40,277.0
Amy Young,00:41:54,245,01:52:45,260.0,02:37:58,250.0,03:08:22,277.0,03:54:30,261.0,04:43:53,278.0
Aaron Hargreaves,00:43:53,332,01:56:54,330.0,02:40:51,290.0,03:08:48,279.0,03:56:20,276.0,04:43:57,279.0
Kyle Langenegger,00:42:33,282,01:50:56,231.0,02:35:15,230.0,03:08:57,282.0,03:53:37,253.0,04:44:04,280.0
Louise Kingston,00:45:33,407,01:59:51,389.0,02:45:48,338.0,03:15:40,345.0,03:57:28,283.0,04:44:07,281.0
Paul Booth,00:42:20,273,01:52:53,266.0,02:38:36,257.0,03:06:22,259.0,03:54:01,258.0,04:44:07,281.0
Sam Ferguson,00:47:15,516,02:03:59,477.0,02:51:51,407.0,03:18:27,371.0,04:00:28,305.0,04:44:10,283.0
Alan Lea,00:42:51,294,01:55:56,314.0,02:43:12,307.0,03:11:27,310.0,03:57:31,284.0,04:44:35,284.0
Thomas Byrne,00:43:12,304,01:54:00,291.0,02:40:23,282.0,03:10:34,300.0,03:58:53,295.0,04:45:01,285.0
Dominic Scruton,00:42:25,277,01:53:00,271.0,02:38:39,260.0,03:05:20,247.0,03:54:39,263.0,04:45:03,286.0
David Wilson,00:44:03,339,01:53:39,286.0,02:38:29,256.0,03:04:43,240.0,03:53:50,257.0,04:45:17,287.0
Emily Dunnill,00:43:40,321,01:53:22,278.0,02:41:48,297.0,03:08:21,276.0,03:56:05,274.0,04:45:40,288.0
Neil Swan,00:43:01,301,01:57:07,339.0,02:43:05,306.0,03:11:12,306.0,03:59:52,302.0,04:46:00,289.0
Nikki Carr Walls,00:46:23,471,01:58:18,358.0,02:46:01,341.0,03:11:32,311.0,04:00:00,303.0,04:46:07,290.0
Rebecca Patrick,00:43:26,309,01:57:38,346.0,02:44:03,316.0,03:13:36,327.0,03:57:53,290.0,04:46:17,291.0
Simon Jones,00:41:00,217,01:52:06,246.0,02:37:16,241.0,03:04:24,237.0,03:51:41,239.0,04:46:25,292.0
Michael Blackwell,00:42:54,297,01:54:15,294.0,02:40:17,280.0,03:08:18,275.0,03:58:38,294.0,04:46:28,293.0
Janusz Tarwacki,00:46:49,492,02:03:56,475.0,02:50:46,399.0,03:19:14,381.0,04:02:32,319.0,04:46:28,293.0
Adam Dunwell,00:44:28,355,01:58:58,371.0,02:45:06,328.0,03:12:21,317.0,03:57:56,291.0,04:46:32,295.0
James Henley,00:45:54,432,02:00:58,418.0,02:47:07,355.0,03:15:19,340.0,04:01:02,308.0,04:46:36,296.0
Boyd Brad,00:42:42,289,01:53:16,275.0,02:40:05,277.0,03:07:50,272.0,03:59:23,300.0,04:46:39,297.0
Emma Richardson,00:44:40,362,01:57:44,348.0,02:46:08,342.0,03:13:01,322.0,04:02:15,317.0,04:46:58,298.0
Fred Smith,00:41:58,249,01:52:50,262.0,02:39:39,271.0,03:10:48,302.0,03:59:27,301.0,04:47:12,299.0
David Baglee,00:44:59,377,01:59:28,378.0,02:47:38,362.0,03:16:26,354.0,04:02:41,320.0,04:47:35,300.0
James Eve,00:46:09,452,01:54:17,296.0,02:37:38,247.0,03:00:50,213.0,03:48:41,220.0,04:47:43,301.0
Angeline Dresser,00:44:58,376,01:58:36,363.0,02:48:44,377.0,03:17:27,358.0,04:05:10,339.0,04:47:44,302.0
Dave Ottewell,00:41:09,224,01:52:51,264.0,02:38:09,252.0,03:05:31,249.0,03:54:57,267.0,04:47:56,303.0
Tom Levi,00:38:18,128,01:40:42,100.0,02:29:40,174.0,03:04:51,241.0,03:57:18,282.0,04:47:58,304.0
Tom Makin,00:42:24,276,01:55:54,313.0,02:39:42,273.0,03:05:37,251.0,03:58:04,292.0,04:48:04,305.0
Robert Kirkwood,00:41:12,227,01:49:16,222.0,02:39:43,274.0,03:10:14,297.0,04:01:08,311.0,04:48:24,306.0
Giles Cooper,00:46:00,438,01:58:44,367.0,02:45:47,337.0,03:15:13,339.0,04:01:36,316.0,04:48:24,306.0
Mark Fussell,00:38:49,148,01:46:17,180.0,02:36:48,237.0,03:06:20,257.0,04:02:50,323.0,04:48:28,308.0
Rod Welford,00:47:31,541,02:01:17,424.0,02:51:32,404.0,03:16:31,355.0,04:06:12,350.0,04:48:29,309.0
Emma Fiedler,00:44:08,344,01:57:42,347.0,02:44:10,318.0,03:13:06,325.0,03:57:48,287.0,04:49:15,310.0
Julian Wardman,00:43:59,335,01:54:13,292.0,02:41:41,296.0,03:09:11,283.0,04:00:16,304.0,04:49:35,311.0
Benjamin Fawcett,00:50:08,673,02:06:30,539.0,02:55:01,448.0,03:22:05,407.0,04:07:45,370.0,04:49:40,312.0
Neil Colquhoun,00:46:02,441,01:59:03,375.0,02:48:56,380.0,03:15:54,348.0,04:05:03,337.0,04:49:44,313.0
Helen Price,00:47:20,525,02:03:46,468.0,02:50:51,400.0,03:19:21,382.0,04:04:20,333.0,04:49:57,314.0
Kimberley Cavill,00:46:02,441,01:59:35,381.0,02:47:22,357.0,03:16:00,349.0,04:02:44,321.0,04:50:07,315.0
Amicia Lee,00:45:12,389,01:59:52,390.0,02:49:56,390.0,03:18:58,377.0,04:04:56,335.0,04:50:19,316.0
Sam Threadgill,00:44:06,342,01:58:48,368.0,02:48:09,369.0,03:15:45,346.0,04:06:22,351.0,04:50:23,317.0
Joe McCarthy,00:42:48,290,01:54:47,300.0,02:46:17,345.0,03:15:01,338.0,04:05:09,338.0,04:50:37,318.0
Claire Aspinall,00:44:47,371,01:55:58,316.0,02:46:29,347.0,03:14:07,330.0,04:04:14,331.0,04:51:07,319.0
David Norris,00:45:45,421,01:59:42,384.0,02:48:34,374.0,03:14:26,334.0,04:06:23,352.0,04:51:20,320.0
Tom Cosway,00:40:52,211,01:52:12,251.0,02:37:36,246.0,03:06:14,255.0,03:54:50,266.0,04:51:31,321.0
Philip O'Neil,00:48:14,585,02:03:34,465.0,02:50:29,395.0,03:17:57,366.0,04:05:38,345.0,04:51:35,322.0
Shaun Wright,00:43:30,315,01:58:09,356.0,02:45:18,330.0,03:13:03,324.0,03:59:19,299.0,04:51:46,323.0
Anna Woolgar,00:45:50,427,01:59:57,393.0,02:48:05,368.0,03:16:46,356.0,04:03:05,324.0,04:51:51,324.0
Tony Marshall,00:38:47,147,01:44:36,160.0,02:31:56,199.0,03:02:55,227.0,03:55:56,272.0,04:51:56,325.0
Emma Moore,00:47:06,509,02:02:57,448.0,02:54:34,439.0,03:21:43,403.0,04:07:16,359.0,04:51:59,326.0
Stephen Jones,00:43:55,333,02:00:28,408.0,02:50:45,398.0,03:19:02,378.0,04:07:43,369.0,04:52:02,327.0
Stephen Fabes,00:37:49,114,01:44:04,145.0,02:28:42,169.0,03:00:48,212.0,03:51:08,234.0,04:52:13,328.0
Guy Hinnigan,00:45:56,434,02:00:26,407.0,02:47:49,366.0,03:16:07,351.0,04:03:42,326.0,04:52:13,328.0
Charles Wain,00:43:28,313,02:00:11,400.0,02:51:46,406.0,03:18:30,373.0,04:04:15,332.0,04:52:16,330.0
David Simm,00:44:43,365,02:00:02,395.0,02:49:24,383.0,03:18:02,367.0,04:05:41,346.0,04:52:27,331.0
Philip Burnett,00:44:38,361,01:57:19,343.0,02:47:28,359.0,03:15:50,347.0,04:05:13,340.0,04:52:28,332.0
Louise Waller,00:44:40,362,02:01:42,427.0,02:49:27,385.0,03:18:03,368.0,04:04:59,336.0,04:52:29,333.0
Esther Harrison,00:44:01,337,01:56:15,320.0,02:47:08,356.0,03:15:34,343.0,04:07:27,361.0,04:52:32,334.0
Georgia Campbell,00:44:22,351,01:59:00,373.0,02:50:00,391.0,03:24:22,437.0,04:07:34,364.0,04:52:32,334.0
Ben Crossley,00:43:43,323,01:57:14,341.0,02:46:53,351.0,03:16:12,352.0,04:05:18,341.0,04:52:38,336.0
Richard Craven,00:39:14,161,01:48:51,217.0,02:35:28,232.0,03:04:09,236.0,03:52:34,246.0,04:52:41,337.0
Thomas Pilley,00:41:56,247,01:52:00,241.0,02:41:23,295.0,03:12:12,315.0,04:03:56,328.0,04:52:50,338.0
Iain Yates,00:43:52,331,01:55:17,306.0,02:42:41,304.0,03:11:03,305.0,04:01:18,314.0,04:53:02,339.0
Sarah Louise Cumber,00:45:30,404,01:57:54,352.0,02:47:02,354.0,03:19:12,380.0,04:02:44,321.0,04:53:03,340.0
Harry Brook-Dobson,00:39:28,168,01:45:05,167.0,02:28:13,161.0,02:55:24,174.0,03:47:00,214.0,04:53:07,341.0
Kim Kennedy,00:45:45,421,01:59:54,392.0,02:49:18,382.0,03:18:14,370.0,04:02:22,318.0,04:53:09,342.0
Alexander Broadhead,00:42:02,254,01:52:55,267.0,02:42:07,300.0,03:10:08,295.0,04:05:53,347.0,04:53:12,343.0
Sarah Bannister,00:46:55,498,02:06:12,524.0,02:54:28,435.0,03:20:41,396.0,04:07:40,366.0,04:53:31,344.0
James O'Rourke,00:42:33,282,01:55:32,308.0,02:46:57,352.0,03:15:38,344.0,04:07:20,360.0,04:53:52,345.0
Jon Greenwood,00:43:38,320,01:57:10,340.0,02:45:42,336.0,03:15:25,342.0,04:01:20,315.0,04:53:57,346.0
Neal Rider,00:43:22,307,01:56:44,325.0,02:45:53,339.0,03:16:18,353.0,04:05:24,343.0,04:53:58,347.0
Stuart Hyslop,00:46:13,457,01:59:39,382.0,02:45:39,333.0,03:13:01,322.0,04:04:01,330.0,04:54:20,348.0
Rachel Lonsdale,00:48:08,575,02:03:22,458.0,02:54:25,434.0,03:20:43,399.0,04:07:42,368.0,04:54:26,349.0
Andrew Haworth,00:48:03,568,02:03:21,457.0,02:54:12,429.0,03:20:41,396.0,04:07:33,363.0,04:54:28,350.0
Karl Munchin,00:46:05,446,02:00:08,398.0,02:49:30,387.0,03:18:30,373.0,04:08:38,374.0,04:54:37,351.0
Peter Wilmot,00:44:01,337,01:57:02,336.0,02:43:49,314.0,03:13:00,321.0,04:00:38,306.0,04:54:40,352.0
Roger Chamberlain,00:42:56,299,01:56:45,326.0,02:44:19,320.0,03:12:56,320.0,04:03:44,327.0,04:55:04,353.0
Jane Crowson,00:46:08,451,02:00:20,404.0,02:48:16,371.0,03:17:54,365.0,04:05:28,344.0,04:55:32,354.0
Martin Vasey,00:44:29,356,01:56:47,328.0,02:42:22,302.0,03:09:48,290.0,04:03:27,325.0,04:55:36,355.0
Chris Beadle,00:45:09,387,01:59:40,383.0,02:47:44,364.0,03:17:48,361.0,04:06:49,356.0,04:55:40,356.0
Will Platts,00:43:27,312,01:55:10,304.0,02:42:04,299.0,03:10:54,303.0,04:01:10,312.0,04:55:45,357.0
Ian Lambert,00:43:30,315,01:58:20,359.0,02:46:15,344.0,03:15:24,341.0,04:06:10,349.0,04:55:48,358.0
Ben Durrans,00:43:47,328,01:57:35,345.0,02:47:54,367.0,03:18:43,376.0,04:08:16,372.0,04:56:12,359.0
Sacha Jones,00:47:10,512,02:03:50,470.0,02:53:38,425.0,03:20:39,395.0,04:10:42,383.0,04:56:15,360.0
Christopher Hewitson,00:45:14,390,01:59:50,388.0,02:48:41,376.0,03:16:49,357.0,04:06:33,355.0,04:56:29,361.0
Jon Macdonald,00:42:48,290,01:57:48,350.0,02:45:04,327.0,03:14:05,329.0,04:06:25,353.0,04:56:47,362.0
Andy Lewis,00:45:53,430,02:01:54,431.0,02:50:32,396.0,03:19:09,379.0,04:07:40,366.0,04:57:47,363.0
Adrian Baker,00:45:33,407,02:01:43,428.0,02:51:40,405.0,03:20:36,394.0,04:08:56,376.0,04:57:49,364.0
Catherine Cowie,00:47:23,530,02:03:45,466.0,02:54:51,445.0,03:27:18,471.0,04:11:24,390.0,04:58:01,365.0
Iain Anderton,00:44:19,347,01:57:01,335.0,02:44:08,317.0,03:13:27,326.0,04:03:56,328.0,04:58:15,366.0
Joanna Wheeler Connon,00:48:25,601,02:07:14,557.0,03:00:04,530.0,03:27:33,474.0,04:13:58,405.0,04:58:20,367.0
Beth Eastwood Dewing,00:47:46,555,02:05:06,508.0,02:56:04,469.0,03:24:50,443.0,04:13:07,400.0,04:58:23,368.0
Dave Motley,00:38:12,126,01:43:01,128.0,02:31:43,198.0,03:24:07,432.0,04:12:21,395.0,04:58:26,369.0
Johnathan Cooper-Knock,00:39:34,174,01:53:52,289.0,02:39:34,269.0,03:11:15,307.0,04:05:18,341.0,04:58:28,370.0
David Rowley,00:43:32,317,01:56:50,329.0,02:44:51,322.0,03:14:07,330.0,04:07:11,358.0,04:58:35,371.0
Kevin Allerton,00:47:38,550,02:05:10,509.0,02:55:35,461.0,03:24:43,441.0,04:14:21,411.0,04:58:52,372.0
Mark Henderson,00:46:43,484,02:00:00,394.0,02:47:46,365.0,03:16:00,349.0,04:09:50,378.0,04:59:00,373.0
Sally Hale,00:47:04,507,02:04:19,485.0,02:53:41,426.0,03:24:13,433.0,04:09:49,377.0,04:59:01,374.0
Richard Brook,00:43:21,306,01:53:12,273.0,02:41:01,292.0,03:10:35,301.0,04:06:56,357.0,04:59:11,375.0
Conan Brown,00:46:46,487,02:02:17,439.0,02:59:03,515.0,03:27:36,476.0,04:14:18,410.0,04:59:19,376.0
Nick Outram,00:44:45,368,01:58:37,364.0,02:45:57,340.0,03:17:49,362.0,04:07:37,365.0,04:59:25,377.0
William Outram,00:44:46,369,01:58:38,365.0,02:46:48,350.0,03:17:52,364.0,04:07:46,371.0,04:59:28,378.0
Matt Lovett,00:43:58,334,01:55:59,317.0,02:46:36,348.0,03:14:09,332.0,04:10:55,385.0,04:59:39,379.0
Andrew Lawson,00:45:44,420,02:02:19,440.0,02:51:13,402.0,03:20:42,398.0,04:08:47,375.0,04:59:57,380.0
Nicola Wright,00:44:42,364,02:00:24,406.0,02:50:09,393.0,03:24:37,440.0,04:14:37,415.0,04:59:59,381.0
Steve Rhodes,00:42:22,274,01:51:50,239.0,02:40:24,283.0,03:14:02,328.0,04:06:06,348.0,04:59:59,381.0
Lee Gumbrell,00:45:16,392,02:00:49,414.0,02:55:09,451.0,03:22:27,413.0,04:15:23,420.0,05:00:05,383.0
Sophie Cromwell,00:48:20,594,02:04:37,491.0,02:55:52,466.0,03:22:50,418.0,04:13:33,402.0,05:00:12,384.0
Isobel Webster,00:46:42,483,02:03:12,454.0,02:56:33,476.0,03:24:24,438.0,04:11:44,392.0,05:00:33,385.0
Andrew Fox,00:45:43,418,02:00:54,417.0,02:50:04,392.0,03:22:07,408.0,04:11:03,388.0,05:00:43,386.0
Matthew Miller,00:47:45,554,02:02:25,443.0,02:55:58,468.0,03:24:49,442.0,04:14:04,406.0,05:00:46,387.0
Michael Burnip,00:46:31,479,02:04:59,503.0,02:55:31,459.0,03:21:56,404.0,04:14:07,407.0,05:00:57,388.0
Matt Pearce,00:46:57,500,02:04:23,486.0,02:53:28,422.0,03:23:47,430.0,04:10:05,380.0,05:01:22,389.0
Phil Baines,00:48:27,602,02:02:16,438.0,02:53:53,428.0,03:21:25,401.0,04:11:00,387.0,05:01:24,390.0
Paul Curtis,00:42:39,286,01:52:03,244.0,02:41:58,298.0,03:11:57,313.0,04:06:31,354.0,05:01:28,391.0
Richard Timms,00:48:05,571,02:04:53,498.0,02:56:44,478.0,03:25:25,448.0,04:15:01,418.0,05:01:34,392.0
Barnaby Cox,00:45:26,402,02:03:14,455.0,02:55:14,454.0,03:24:14,434.0,04:15:05,419.0,05:01:44,393.0
Simon Hanson,00:46:26,474,02:01:29,426.0,02:51:31,403.0,03:21:18,400.0,04:11:33,391.0,05:02:06,394.0
Jamie Hardman,00:46:28,477,02:01:02,419.0,02:53:07,420.0,03:23:19,424.0,04:16:04,424.0,05:02:25,395.0
Paul Macfarlane,00:45:40,413,02:00:51,415.0,02:52:55,418.0,03:22:37,417.0,04:16:01,423.0,05:02:34,396.0
Liz James,00:46:47,488,02:05:03,506.0,02:56:08,471.0,03:25:15,446.0,04:15:27,421.0,05:02:39,397.0
Matt Bullen,00:44:33,358,01:59:28,378.0,02:50:24,394.0,03:22:32,414.0,04:12:48,396.0,05:02:47,398.0
David Green,00:47:19,523,02:03:24,460.0,02:52:15,411.0,03:23:38,428.0,04:11:20,389.0,05:03:22,399.0
Tim Metcalfe,00:42:02,254,01:54:30,299.0,02:47:35,361.0,03:23:29,427.0,04:17:15,430.0,05:03:25,400.0
Jonathan Evans,00:42:25,277,01:56:56,332.0,02:49:14,381.0,03:18:32,375.0,04:14:22,412.0,05:03:36,401.0
James Bellarby,00:47:18,522,02:04:01,479.0,02:55:11,452.0,03:25:29,449.0,04:12:05,393.0,05:03:38,402.0
Hester Cox,00:47:36,547,02:06:38,544.0,02:56:49,481.0,03:25:35,451.0,04:16:12,425.0,05:03:45,403.0
Lee Meadowcroft,00:44:19,347,01:58:01,354.0,02:47:27,358.0,03:19:33,385.0,04:10:29,381.0,05:04:14,404.0
Ian Shorrock,00:47:22,528,02:03:25,461.0,02:52:57,419.0,03:23:40,429.0,04:14:47,417.0,05:04:33,405.0
Andrew McPhaden,00:48:47,619,02:07:00,553.0,02:58:57,513.0,03:27:37,477.0,04:16:46,428.0,05:04:36,406.0
Luke Watkeys,00:45:31,406,01:59:49,387.0,02:49:39,388.0,03:19:27,384.0,04:10:01,379.0,05:04:44,407.0
James Barsby,00:38:40,142,01:46:05,175.0,02:37:30,244.0,03:09:23,286.0,04:07:31,362.0,05:04:46,408.0
John Osborne(Oz),00:43:43,323,01:57:34,344.0,02:45:40,334.0,03:19:53,388.0,04:10:37,382.0,05:04:55,409.0
Stuart Myers,00:45:53,430,01:59:29,380.0,02:49:47,389.0,03:17:44,359.0,04:12:55,397.0,05:05:02,410.0
Simon Munnis,00:44:05,341,01:56:15,320.0,02:45:34,332.0,03:14:41,337.0,04:08:26,373.0,05:05:04,411.0
David Booth,00:45:01,379,02:00:15,401.0,02:49:29,386.0,03:17:51,363.0,04:13:48,404.0,05:05:07,412.0
Julie Dala,00:47:22,528,02:03:03,450.0,02:52:13,410.0,03:22:20,411.0,04:10:49,384.0,05:05:33,413.0
Joseph Taylor,00:47:39,552,02:09:19,593.0,03:00:47,539.0,03:27:57,485.0,04:18:07,440.0,05:05:56,414.0
John Mager,00:45:43,418,02:03:30,462.0,02:52:45,416.0,03:22:56,419.0,04:13:20,401.0,05:06:07,415.0
Matthew Betts,00:44:19,347,01:58:43,366.0,02:52:12,409.0,03:22:35,415.0,04:20:26,459.0,05:06:24,416.0
Fred Carver,00:41:19,231,01:53:27,280.0,02:45:41,335.0,03:19:24,383.0,04:10:56,386.0,05:06:28,417.0
Keir Pebody,00:52:29,714,02:18:25,691.0,03:10:24,637.0,03:38:00,600.0,04:25:10,503.0,05:06:35,418.0
Steven O'neill,00:39:08,158,01:45:52,173.0,02:34:07,218.0,03:07:11,263.0,04:04:52,334.0,05:06:47,419.0
Jason Schofield,00:46:23,471,02:04:08,483.0,02:54:30,436.0,03:23:13,423.0,04:13:36,403.0,05:06:57,420.0
Steven Carmichael,00:45:33,407,02:01:05,420.0,02:54:42,441.0,03:23:09,421.0,04:16:36,426.0,05:07:17,421.0
Nicola Empson,00:46:48,491,02:04:16,484.0,02:56:29,475.0,03:26:43,460.0,04:17:46,434.0,05:07:18,422.0
David Walker,00:47:58,562,02:01:52,430.0,02:54:18,431.0,03:24:21,436.0,04:17:48,435.0,05:07:22,423.0
Dan Stacey,00:45:15,391,02:02:20,441.0,02:51:05,401.0,03:19:57,389.0,04:13:06,399.0,05:07:31,424.0
Jonathan Briggs,00:43:28,313,01:58:08,355.0,02:48:13,370.0,03:21:39,402.0,04:14:15,409.0,05:07:35,425.0
Bryan Lowrie,00:45:09,387,01:57:44,348.0,02:48:39,375.0,03:18:09,369.0,04:14:29,413.0,05:07:45,426.0
Chris Hodgson,00:48:23,597,02:06:38,544.0,02:58:53,512.0,03:27:15,470.0,04:20:42,461.0,05:07:54,427.0
Lauren Leak-Smith,00:48:13,582,02:09:14,591.0,03:00:45,537.0,03:29:52,512.0,04:20:00,455.0,05:08:05,428.0
Catherine Musetti,00:47:24,532,02:05:43,517.0,02:57:42,501.0,03:26:57,465.0,04:18:44,444.0,05:08:06,429.0
David Clifton,00:45:58,436,02:02:04,435.0,02:53:32,423.0,03:24:20,435.0,04:17:22,431.0,05:08:07,430.0
Dave Jenkinson,00:46:21,468,02:00:37,411.0,02:48:52,379.0,03:18:28,372.0,04:12:15,394.0,05:08:07,430.0
Paul Milligan,00:48:41,614,02:06:08,519.0,02:57:16,493.0,03:27:00,466.0,04:22:04,478.0,05:08:08,432.0
Adam Nodwell,00:44:36,359,01:59:45,386.0,02:52:36,414.0,03:20:16,392.0,04:20:44,463.0,05:08:10,433.0
Amy Postlethwaite,00:48:09,577,02:08:43,574.0,02:56:56,484.0,03:28:17,494.0,04:17:31,432.0,05:08:15,434.0
Kirsty Pomfrett,00:47:31,541,02:06:17,529.0,02:55:30,458.0,03:25:03,445.0,04:14:39,416.0,05:08:18,435.0
Simon Oxley,00:45:55,433,02:02:22,442.0,02:54:51,445.0,03:24:55,444.0,04:17:33,433.0,05:08:37,436.0
Annabel Arthur,00:46:16,462,02:07:02,554.0,02:58:09,506.0,03:27:21,472.0,04:18:52,447.0,05:08:44,437.0
Justina Berskyte,00:45:41,415,02:00:42,413.0,02:53:41,426.0,03:21:58,405.0,04:16:39,427.0,05:08:47,438.0
Liam Nolan,00:48:13,582,02:11:40,636.0,03:02:14,561.0,03:32:22,542.0,04:22:53,485.0,05:08:58,439.0
Catherine Speakman,00:48:11,580,02:06:20,533.0,02:59:36,524.0,03:27:41,478.0,04:21:43,472.0,05:09:04,440.0
Paul Ramsden,00:47:01,505,02:06:33,540.0,02:56:44,478.0,03:27:02,468.0,04:19:21,451.0,05:09:14,441.0
Tom Nye,00:47:13,514,02:02:40,446.0,02:54:43,442.0,03:23:57,431.0,04:18:06,439.0,05:09:19,442.0
Chris Burfitt,00:46:03,444,02:06:47,548.0,02:57:22,495.0,03:27:31,473.0,04:19:10,448.0,05:09:24,443.0
James McGill,00:47:27,537,02:03:53,472.0,02:59:25,518.0,03:27:55,484.0,04:22:03,477.0,05:09:39,444.0
Kate Mansell,00:46:00,438,02:06:29,538.0,02:56:58,486.0,03:28:03,489.0,04:18:48,446.0,05:09:40,445.0
Joseph Fisher,00:44:14,346,02:00:22,405.0,02:49:26,384.0,03:19:40,386.0,04:14:14,408.0,05:09:42,446.0
James Pieslak,00:47:33,543,02:04:57,501.0,02:54:38,440.0,03:26:35,458.0,04:17:51,436.0,05:09:51,447.0
Ben Nield,00:50:19,682,02:06:34,541.0,02:58:23,508.0,03:29:34,511.0,04:20:22,458.0,05:09:58,448.0
John Boothman,00:46:34,480,02:01:48,429.0,02:53:27,421.0,03:23:24,425.0,04:17:11,429.0,05:09:59,449.0
Carol Evans,00:47:59,564,02:06:50,550.0,02:59:35,523.0,03:30:08,516.0,04:21:49,475.0,05:10:11,450.0
Jonathan Coles,00:47:00,504,02:00:34,410.0,02:52:41,415.0,03:22:10,409.0,04:17:53,437.0,05:10:15,451.0
Trudi Allen,00:49:05,633,02:10:48,618.0,03:00:56,543.0,03:30:14,518.0,04:20:18,457.0,05:10:18,452.0
David Shepherd,00:41:54,245,01:52:44,259.0,02:50:40,397.0,03:20:00,390.0,04:21:12,467.0,05:10:25,453.0
Graham Barnes,00:48:40,612,02:06:58,552.0,02:57:46,502.0,03:28:08,490.0,04:18:11,441.0,05:10:35,454.0
Rachel Munday,00:47:02,506,02:04:48,496.0,02:54:46,443.0,03:28:19,495.0,04:18:11,441.0,05:10:45,455.0
Jon Richardson,00:49:23,642,02:08:53,581.0,02:59:18,517.0,03:26:46,461.0,04:20:00,455.0,05:10:52,456.0
Dave Stephenson,00:47:52,558,02:10:28,614.0,02:57:27,496.0,03:29:15,503.0,04:18:03,438.0,05:10:59,457.0
Robert Simpson,00:47:24,532,02:02:01,434.0,02:55:32,460.0,03:24:29,439.0,04:24:16,496.0,05:11:10,458.0
Darren Horobin,00:47:17,519,02:06:15,528.0,02:57:39,500.0,03:28:12,491.0,04:19:58,454.0,05:11:28,459.0
Kevin Hercock,00:46:50,494,02:04:31,490.0,02:57:00,487.0,03:27:50,481.0,04:20:48,465.0,05:11:51,460.0
Ian Moore,00:44:22,351,01:58:49,370.0,02:52:28,413.0,03:22:35,415.0,04:20:28,460.0,05:12:04,461.0
David Whitfield,00:47:09,511,02:06:21,534.0,02:59:32,521.0,03:27:34,475.0,04:23:45,492.0,05:12:13,462.0
Paul Mead,00:45:39,412,02:00:51,415.0,02:55:28,456.0,03:26:35,458.0,04:21:14,468.0,05:12:15,463.0
David Dufton,00:45:20,397,01:57:56,353.0,02:46:21,346.0,03:20:23,393.0,04:15:38,422.0,05:12:18,464.0
Gabby Le Geyt,00:47:54,560,02:06:14,526.0,03:05:49,603.0,03:31:25,532.0,04:27:33,522.0,05:12:25,465.0
Richard Cartwright,00:46:29,478,02:03:45,466.0,02:56:38,477.0,03:26:52,462.0,04:21:22,469.0,05:12:41,466.0
Matt Hindmarch,00:46:57,500,02:04:47,495.0,02:55:26,455.0,03:25:32,450.0,04:19:48,453.0,05:13:02,467.0
Rebecca Brennan,00:48:06,573,02:07:57,569.0,02:59:01,514.0,03:31:11,530.0,04:21:46,474.0,05:13:09,468.0
Mark Wise,00:47:38,550,02:01:16,423.0,02:55:05,449.0,03:23:07,420.0,04:18:47,445.0,05:13:16,469.0
Steven Core,00:45:38,411,02:02:26,444.0,02:54:33,438.0,03:28:15,493.0,04:22:27,482.0,05:13:23,470.0
Chris Eggett,00:45:02,381,01:58:32,362.0,02:47:32,360.0,03:19:41,387.0,04:12:58,398.0,05:13:25,471.0
Pete Smallwood,00:47:15,516,02:01:07,421.0,02:54:30,436.0,03:25:35,451.0,04:21:49,475.0,05:13:30,472.0
Jon West,00:47:21,527,02:03:10,453.0,02:56:47,480.0,03:25:35,451.0,04:22:48,484.0,05:13:36,473.0
Debbie Howard,00:50:15,679,02:10:52,620.0,03:01:54,556.0,03:32:12,539.0,04:23:03,486.0,05:13:47,474.0
Anthony Arthur,00:43:32,317,01:58:59,372.0,02:48:45,378.0,03:20:13,391.0,04:14:35,414.0,05:14:12,475.0
Oliver Pike,00:45:19,396,01:58:48,368.0,02:52:05,408.0,03:22:13,410.0,04:20:45,464.0,05:14:35,476.0
Cara Gates,00:45:50,427,02:05:00,505.0,02:57:08,491.0,03:28:50,497.0,04:20:42,461.0,05:14:42,477.0
Katy Islip,00:49:51,657,02:09:38,600.0,03:00:54,541.0,03:29:05,501.0,04:24:14,495.0,05:15:00,478.0
Nick Wallhead,00:46:45,486,02:02:56,447.0,02:54:12,429.0,03:26:56,464.0,04:21:10,466.0,05:15:06,479.0
Catherine Litherland,00:50:17,680,02:12:36,653.0,03:03:30,572.0,03:33:40,558.0,04:24:39,499.0,05:15:12,480.0
Tim Groves,00:48:00,565,02:05:26,515.0,02:58:16,507.0,03:28:52,498.0,04:24:21,497.0,05:15:13,481.0
Nick Hails,00:45:47,425,02:01:57,433.0,02:57:48,503.0,03:27:43,479.0,04:25:35,507.0,05:15:40,482.0
Paul Wilkin,00:46:47,488,02:03:01,449.0,02:57:32,497.0,03:28:01,487.0,04:23:43,491.0,05:15:48,483.0
Johnny Green,00:49:44,652,02:12:37,654.0,03:03:56,578.0,03:32:25,544.0,04:28:52,528.0,05:16:42,484.0
Rory Wilkinson,00:48:13,582,02:06:10,521.0,02:57:04,490.0,03:27:52,482.0,04:22:15,479.0,05:16:45,485.0
Alison Weston,00:48:03,568,02:09:34,598.0,03:00:58,544.0,03:30:59,526.0,04:26:52,517.0,05:16:49,486.0
Jessica Busen-Smith,00:47:35,546,02:04:50,497.0,02:56:50,482.0,03:28:13,492.0,04:23:20,488.0,05:16:56,487.0
Nigel Potter,00:46:06,448,02:04:29,489.0,02:55:54,467.0,03:27:02,468.0,04:19:15,450.0,05:17:20,488.0
Andrew Webster,00:47:51,556,02:06:49,549.0,03:00:28,534.0,03:29:31,510.0,04:24:45,500.0,05:17:27,489.0
Jonathan Kempster,00:47:29,539,02:07:32,561.0,03:03:11,568.0,03:32:22,542.0,04:31:01,540.0,05:17:33,490.0
Benjamin Grundy,00:46:58,502,02:03:54,473.0,02:54:22,433.0,03:23:11,422.0,04:19:14,449.0,05:17:44,491.0
Hannah Baines,00:49:13,637,02:11:14,628.0,03:04:27,586.0,03:34:52,564.0,04:26:02,509.0,05:17:57,492.0
Stefanie Dickinson,00:49:03,631,02:07:36,564.0,02:59:38,525.0,03:29:30,509.0,04:24:00,494.0,05:18:16,493.0
Yasmin Boodhun,00:47:34,545,02:06:18,530.0,03:00:23,532.0,03:32:15,540.0,04:26:26,516.0,05:18:22,494.0
Jonathan Emberton,00:46:22,470,02:05:25,514.0,02:57:02,488.0,03:28:02,488.0,04:22:19,481.0,05:18:48,495.0
Joe Lawley,00:46:16,462,02:04:42,492.0,02:56:17,474.0,03:25:48,454.0,04:23:25,489.0,05:19:03,496.0
Nigel Lake,00:46:02,441,02:03:16,456.0,02:52:47,417.0,03:23:27,426.0,04:18:16,443.0,05:19:06,497.0
Greg Webster,00:47:13,514,02:05:28,516.0,02:57:36,498.0,03:27:00,466.0,04:25:24,506.0,05:19:12,498.0
Stella Blackburn,00:47:30,540,02:06:10,521.0,02:59:32,521.0,03:29:28,508.0,04:24:28,498.0,05:19:15,499.0
Jess Evans,00:45:35,410,02:04:03,481.0,02:59:14,516.0,03:27:54,483.0,04:26:22,515.0,05:19:15,499.0
Tony Little,00:50:11,675,02:11:18,630.0,03:01:01,546.0,03:29:03,500.0,04:27:29,521.0,05:19:19,501.0
Andrew Macpherson,00:49:55,662,02:12:17,646.0,03:01:03,547.0,03:33:37,556.0,04:28:34,524.0,05:19:46,502.0
Jessica Dibb,00:47:40,553,02:07:05,555.0,03:01:45,555.0,03:32:03,537.0,04:30:08,535.0,05:20:04,503.0
Toby Cartwright,00:49:26,643,02:10:42,616.0,03:02:02,559.0,03:32:28,546.0,04:26:13,512.0,05:20:39,504.0
Anne-Marie Frankland,00:49:27,644,02:08:49,578.0,03:04:12,582.0,03:35:07,566.0,04:29:55,534.0,05:20:42,505.0
Victoria Coleman,00:48:37,610,02:09:08,587.0,03:02:34,564.0,03:34:11,562.0,04:25:19,505.0,05:20:54,506.0
Nigel Scaife,00:46:05,446,02:06:40,546.0,03:00:40,536.0,03:32:02,536.0,04:25:52,508.0,05:20:57,507.0
James Yates,00:48:38,611,02:08:51,579.0,03:00:54,541.0,03:30:37,523.0,04:28:44,527.0,05:21:08,508.0
Richard Jones,00:45:25,401,02:00:31,409.0,02:56:04,469.0,03:25:56,456.0,04:24:51,501.0,05:21:15,509.0
Sarah Barker,00:47:17,519,02:05:04,507.0,02:56:15,473.0,03:25:54,455.0,04:23:48,493.0,05:21:20,510.0
Robert Spavin,00:45:49,426,02:02:38,445.0,02:56:56,484.0,03:29:55,513.0,04:28:40,526.0,05:21:35,511.0
Rachel Buckle,00:50:38,690,02:13:23,660.0,03:05:10,600.0,03:35:20,569.0,04:25:12,504.0,05:22:11,512.0
Dave Leaming,00:46:10,453,02:07:25,560.0,02:57:53,504.0,03:29:22,505.0,04:21:41,471.0,05:22:14,513.0
Jim Crookes,00:45:16,392,02:03:55,474.0,02:55:06,450.0,03:29:26,507.0,04:21:43,472.0,05:22:15,514.0
Andrew Neilson,00:45:17,394,02:02:06,436.0,02:57:02,488.0,03:30:17,520.0,04:28:19,523.0,05:22:37,515.0
Andrew Iddon,00:46:04,445,02:01:11,422.0,02:52:18,412.0,03:25:56,456.0,04:22:43,483.0,05:23:01,516.0
Anneke Imeson,00:48:54,623,02:10:55,621.0,03:04:47,593.0,03:36:08,576.0,04:30:29,538.0,05:23:30,517.0
Paul Jennings,00:49:11,636,02:09:42,601.0,03:02:56,565.0,03:32:17,541.0,04:31:16,542.0,05:23:39,518.0
William Bowry,00:48:07,574,02:06:14,526.0,02:57:36,498.0,03:31:44,534.0,04:19:29,452.0,05:23:41,519.0
David Wallace,00:48:11,580,02:04:46,494.0,03:00:16,531.0,03:29:58,514.0,04:30:48,539.0,05:23:43,520.0
Pippa Hooper,00:49:36,648,02:09:51,604.0,03:01:03,547.0,03:30:19,521.0,04:26:20,514.0,05:23:45,521.0
Hjalti Rognvaldsson,00:48:09,577,02:06:13,525.0,02:58:31,509.0,03:31:45,535.0,04:26:03,510.0,05:23:57,522.0
Ciaran O'Neill,00:46:59,503,02:08:40,573.0,03:04:46,592.0,03:37:25,593.0,04:32:35,555.0,05:24:01,523.0
Andrew Tomlinson,00:45:03,382,02:02:14,437.0,02:57:08,491.0,03:30:21,522.0,04:29:54,533.0,05:24:08,524.0
Joanne Henry,00:49:29,645,02:07:20,559.0,03:01:57,557.0,03:31:13,531.0,04:29:15,530.0,05:24:48,525.0
Ian Swan,00:45:40,413,02:06:07,518.0,02:59:40,526.0,03:33:29,554.0,04:30:20,537.0,05:25:08,526.0
Joe Gregory,00:46:07,449,02:06:28,537.0,03:03:28,571.0,03:32:53,551.0,04:32:30,553.0,05:25:16,527.0
Mark Cameron,00:45:07,385,02:03:32,463.0,02:54:56,447.0,03:27:46,480.0,04:21:32,470.0,05:25:21,528.0
Graeme Eddie,00:47:15,516,02:03:57,476.0,02:53:34,424.0,03:30:16,519.0,04:29:05,529.0,05:25:24,529.0
Kate Stabbs,00:48:17,589,02:08:47,576.0,02:58:42,510.0,03:30:11,517.0,04:27:11,519.0,05:25:30,530.0
David Chambers,00:45:27,403,02:00:15,401.0,02:55:12,453.0,03:30:49,524.0,04:29:51,532.0,05:25:55,531.0
Paul Swyers,00:46:52,495,02:06:11,523.0,02:55:40,463.0,03:28:56,499.0,04:25:03,502.0,05:26:02,532.0
Katy Ward,00:51:42,705,02:15:43,674.0,03:07:35,618.0,03:37:40,597.0,04:31:54,547.0,05:26:08,533.0
Jonny Lawlor,00:43:26,309,01:51:13,235.0,02:44:58,325.0,03:22:03,406.0,04:22:18,480.0,05:26:24,534.0
Joe Curran,00:47:19,523,02:04:59,503.0,03:01:07,549.0,03:32:10,538.0,04:31:44,544.0,05:26:28,535.0
David Kenneford,00:47:52,558,02:05:19,511.0,03:01:26,553.0,03:30:57,525.0,04:32:12,550.0,05:26:29,536.0
Hannah Burnett,00:48:35,607,02:07:46,567.0,03:00:00,529.0,03:31:02,528.0,04:27:06,518.0,05:26:31,537.0
Ryan Cowley,00:42:59,300,02:00:05,397.0,02:55:41,464.0,03:28:45,496.0,04:32:00,548.0,05:26:38,538.0
Alison Wilson,00:52:47,716,02:17:41,686.0,03:10:43,642.0,03:39:20,619.0,04:33:39,559.0,05:26:53,539.0
Thomas Grundy,00:48:18,590,02:07:17,558.0,03:01:09,550.0,03:35:57,575.0,04:34:13,564.0,05:27:17,540.0
Richard Amor-Wilkes,00:48:24,598,02:06:35,542.0,02:58:46,511.0,03:33:34,555.0,04:28:36,525.0,05:27:27,541.0
Richard Hinds,00:47:37,549,02:04:45,493.0,03:00:45,537.0,03:32:50,550.0,04:33:48,560.0,05:27:58,542.0
Lynne Berbatiotis,00:50:18,681,02:07:34,563.0,03:07:28,614.0,03:38:53,610.0,04:36:47,586.0,05:28:08,543.0
Jim Tinnion,00:49:39,650,02:13:56,666.0,03:08:17,624.0,03:37:12,589.0,04:36:13,580.0,05:28:26,544.0
Martyn Goodwin,00:52:19,710,02:17:13,684.0,03:10:52,644.0,03:40:16,628.0,04:34:12,563.0,05:28:26,544.0
Matt Haigh,00:46:47,488,02:08:47,576.0,03:03:14,569.0,03:33:14,553.0,04:32:33,554.0,05:28:30,546.0
Elise Johnson,00:49:09,634,02:10:48,618.0,03:02:10,560.0,03:34:29,563.0,04:31:26,543.0,05:28:40,547.0
Peter Wilcock,00:46:44,485,02:07:33,562.0,03:01:57,557.0,03:33:37,556.0,04:35:08,572.0,05:28:45,548.0
Neil Montgomery,00:45:23,400,02:06:44,547.0,03:07:25,613.0,03:36:49,585.0,04:36:24,583.0,05:29:09,549.0
Will Dow,00:44:06,342,01:59:02,374.0,02:55:37,462.0,03:29:22,505.0,04:34:32,569.0,05:29:24,550.0
Peter Enever,00:45:46,423,02:04:25,487.0,02:55:29,457.0,03:25:21,447.0,04:23:41,490.0,05:29:41,551.0
Simon Lea,00:48:57,625,02:08:55,584.0,03:03:58,579.0,03:33:58,560.0,04:37:59,591.0,05:29:48,552.0
Sean Hefford,00:48:15,586,02:09:10,588.0,03:05:08,598.0,03:38:01,602.0,04:36:07,578.0,05:30:14,553.0
Martin Hardey,00:46:38,481,02:04:55,499.0,03:00:48,540.0,03:32:30,547.0,04:31:13,541.0,05:30:18,554.0
Matthew Whattam,00:46:54,496,02:08:54,583.0,03:00:59,545.0,03:32:31,548.0,04:26:19,513.0,05:30:39,555.0
Stephen Everett,00:50:33,688,02:12:28,649.0,03:08:05,622.0,03:39:57,626.0,04:32:28,552.0,05:30:42,556.0
Jess Bagnall,00:50:12,676,02:13:34,663.0,03:08:15,623.0,03:38:46,608.0,04:37:29,589.0,05:30:57,557.0
Kostya Penkov,00:46:49,492,02:03:22,458.0,02:56:13,472.0,03:29:17,504.0,04:26:07,511.0,05:31:05,558.0
Helen Taylor,00:50:32,687,02:12:31,651.0,03:07:07,612.0,03:37:25,593.0,04:35:44,573.0,05:31:08,559.0
Michael Thomas,00:46:18,465,02:04:58,502.0,03:00:24,533.0,03:36:54,586.0,04:32:16,551.0,05:31:23,560.0
Helen Blyth,00:50:29,686,02:13:35,664.0,03:07:44,619.0,03:38:00,600.0,04:36:13,580.0,05:31:41,561.0
Michael Wilson,00:49:16,639,02:09:12,590.0,03:03:41,575.0,03:36:08,576.0,04:33:07,558.0,05:31:43,562.0
Katharine Gregson,00:48:03,568,02:08:51,579.0,03:01:14,552.0,03:33:09,552.0,04:34:18,565.0,05:33:01,563.0
Matthew Blakeley,00:48:57,625,02:12:00,641.0,03:02:27,563.0,03:37:29,595.0,04:34:21,567.0,05:33:02,564.0
Alyson Blakeley,00:48:55,624,02:11:58,640.0,03:06:27,608.0,03:37:31,596.0,04:34:39,570.0,05:33:02,564.0
Claire Macht,00:48:40,612,02:08:59,585.0,03:02:56,565.0,03:36:31,582.0,04:34:03,561.0,05:33:04,566.0
Joseph Stather,00:42:51,294,02:01:54,431.0,03:01:33,554.0,03:33:47,559.0,04:31:49,546.0,05:33:05,567.0
Martin Bland,00:48:05,571,02:08:53,581.0,03:04:12,582.0,03:35:11,567.0,04:34:18,565.0,05:33:05,567.0
Matt Yardley,00:49:02,630,02:09:14,591.0,03:03:32,573.0,03:37:14,590.0,04:35:45,574.0,05:33:45,569.0
Tom Simpson,00:48:52,622,02:08:06,571.0,03:01:12,551.0,03:36:26,581.0,04:30:18,536.0,05:33:58,570.0
Mark Collinson,00:46:07,449,02:11:30,632.0,03:06:57,610.0,03:35:39,572.0,04:34:08,562.0,05:34:17,571.0
Matt Higgins,00:46:15,460,02:01:19,425.0,02:55:51,465.0,03:29:05,501.0,04:29:38,531.0,05:34:22,572.0
Nick Horsfall,00:46:01,440,02:06:19,532.0,03:04:15,584.0,03:38:23,606.0,04:36:20,582.0,05:34:44,573.0
Neil Brown,00:48:45,617,02:09:10,588.0,03:05:26,601.0,03:35:41,573.0,04:34:21,567.0,05:34:50,574.0
Neil Mayfield,00:46:39,482,02:06:08,519.0,03:03:35,574.0,03:37:17,591.0,04:35:56,575.0,05:34:51,575.0
Sarah Kaye,00:50:20,683,02:10:43,617.0,03:03:09,567.0,03:34:09,561.0,04:31:46,545.0,05:35:08,576.0
David Gillian,00:47:36,547,02:07:54,568.0,03:06:22,607.0,03:37:11,588.0,04:38:05,592.0,05:35:18,577.0
Alec Francis,00:42:05,260,01:53:56,290.0,02:48:22,373.0,03:22:23,412.0,04:23:16,487.0,05:35:46,578.0
Tim Braithwaite,00:50:45,692,02:11:09,626.0,03:05:49,603.0,03:38:59,612.0,04:38:52,594.0,05:36:03,579.0
Richard Fawcett,00:47:26,536,02:05:24,513.0,03:00:32,535.0,03:36:15,580.0,04:32:47,556.0,05:36:51,580.0
Graham Kitchen,00:48:16,588,02:07:45,566.0,03:06:58,611.0,03:37:58,599.0,04:40:36,602.0,05:36:55,581.0
Laura Phillips,00:50:13,677,02:11:12,627.0,03:04:08,581.0,03:38:16,604.0,04:32:05,549.0,05:37:16,582.0
Sean Gill,00:47:56,561,02:12:10,644.0,03:08:04,621.0,03:38:45,607.0,04:37:44,590.0,05:37:32,583.0
Oli Fairbairn,00:45:05,383,02:00:10,399.0,02:54:46,443.0,03:30:05,515.0,04:36:55,587.0,05:38:41,584.0
David Sexton,00:49:58,665,02:12:47,655.0,03:10:46,643.0,03:39:11,616.0,04:42:40,609.0,05:38:57,585.0
Lucy Saggers,00:52:07,709,02:16:36,682.0,03:09:38,631.0,03:39:03,614.0,04:43:28,611.0,05:39:11,586.0
Karen Farmer-Scott,00:50:54,694,02:10:59,623.0,03:09:42,632.0,03:39:22,620.0,04:43:32,612.0,05:39:13,587.0
Stephen Jones,00:46:21,468,02:03:59,477.0,02:57:17,494.0,03:31:04,529.0,04:27:22,520.0,05:39:39,588.0
Robert Nicholas,00:46:14,458,02:03:32,463.0,02:56:53,483.0,03:32:27,545.0,04:36:28,585.0,05:39:44,589.0
Dominic Hirst,00:46:17,464,02:04:02,480.0,02:59:26,519.0,03:31:01,527.0,04:35:03,571.0,05:40:14,590.0
Michael Bourne,00:50:22,684,02:12:51,656.0,03:04:42,590.0,03:38:06,603.0,04:36:09,579.0,05:40:28,591.0
Stu Sklinar,00:45:58,436,02:04:04,482.0,03:02:20,562.0,03:38:48,609.0,04:39:57,598.0,05:40:34,592.0
Tony Hodge,00:49:55,662,02:12:23,648.0,03:06:06,606.0,03:35:34,570.0,04:36:26,584.0,05:40:35,593.0
Scott Mason,00:43:51,330,01:55:43,311.0,03:03:52,576.0,03:35:34,570.0,04:38:13,593.0,05:40:41,594.0
Alasdair Couch,00:49:52,659,02:11:49,637.0,03:04:30,587.0,03:36:11,578.0,04:39:09,595.0,05:40:54,595.0
Nigel Haymes,00:46:14,458,02:04:56,500.0,03:03:15,570.0,03:39:40,623.0,04:42:44,610.0,05:41:14,596.0
Thomas Johnson,00:47:20,525,02:08:09,572.0,03:04:02,580.0,03:36:34,583.0,04:36:03,577.0,05:41:28,597.0
Chris Grose,00:49:52,659,02:10:19,613.0,03:07:51,620.0,03:39:17,618.0,04:41:39,604.0,05:41:50,598.0
Neil Gooding,00:48:22,595,02:07:38,565.0,03:04:22,585.0,03:35:15,568.0,04:36:00,576.0,05:42:23,599.0
Niall Cooper,00:47:27,537,02:12:13,645.0,03:10:26,638.0,03:39:28,622.0,04:39:34,597.0,05:42:38,600.0
Ben Sweeney,00:44:11,345,01:58:14,357.0,02:54:19,432.0,03:26:55,463.0,04:40:18,600.0,05:42:58,601.0
Andrew Turner,00:47:04,507,02:09:22,594.0,03:04:39,589.0,03:36:11,578.0,04:40:55,603.0,05:45:33,602.0
Peter Dawson,00:47:23,530,02:08:03,570.0,03:04:50,594.0,03:35:56,574.0,04:40:29,601.0,05:45:39,603.0
Matthew Hetherington,00:47:25,534,02:06:53,551.0,03:08:59,626.0,03:39:09,615.0,04:40:16,599.0,05:45:39,603.0
Dan Oldfield,00:50:00,666,02:11:55,639.0,03:07:31,615.0,03:39:01,613.0,04:41:53,605.0,05:46:15,605.0
Nick Crebbin,00:49:09,634,02:09:25,595.0,03:05:55,605.0,03:37:21,592.0,04:42:06,607.0,05:46:15,605.0
Joseph Taylor,00:47:58,562,02:06:25,535.0,03:10:02,636.0,03:40:08,627.0,04:44:00,614.0,05:46:42,607.0
Martin Walton,00:48:19,592,02:09:42,601.0,03:04:54,596.0,03:38:57,611.0,04:37:27,588.0,05:46:59,608.0
Sam Healy,00:47:25,534,02:06:27,536.0,02:59:45,527.0,03:37:08,587.0,04:39:29,596.0,05:47:11,609.0
Carolyn Tregaskis,00:48:10,579,02:09:36,599.0,03:07:33,617.0,03:39:42,624.0,04:44:26,615.0,05:48:31,610.0
Mark Jackson,00:46:56,499,02:09:02,586.0,03:05:31,602.0,03:36:34,583.0,04:42:01,606.0,05:49:02,611.0
Carl Read,00:49:33,647,02:11:07,625.0,03:07:32,616.0,03:38:20,605.0,04:42:26,608.0,05:50:46,612.0
Andrew Harris,00:49:46,654,02:10:30,615.0,03:06:47,609.0,03:34:59,565.0,04:45:11,616.0,05:53:31,613.0
Mark Farrell,00:46:11,454,02:03:47,469.0,02:59:54,528.0,03:32:49,549.0,04:45:45,617.0,05:53:39,614.0
Steven Roberts,00:48:18,590,02:09:56,606.0,03:04:42,590.0,03:39:24,621.0,04:46:48,618.0,05:57:19,615.0
Andrew Grenfell,00:42:18,271,01:53:33,283.0,02:48:19,372.0,03:27:59,486.0,04:32:59,557.0,06:00:26,616.0
Laurence Wood,00:48:42,615,02:10:18,612.0,03:04:52,595.0,03:39:16,617.0,04:43:34,613.0,06:02:42,617.0
Stuart Pickford,00:48:30,605,02:09:26,596.0,03:03:53,577.0,03:39:46,625.0,05:00:58,619.0,06:05:12,618.0
Fay Uphill,00:53:03,719,02:17:49,689.0,03:19:39,667.0,03:56:31,658.0,,,,
Peter Gale,00:48:36,609,02:09:29,597.0,,,,,,,,
Callum Robinson,00:42:04,258,02:00:02,395.0,,,,,,,,
Joe Oldfield,00:31:11,15,01:23:51,12.0,02:01:25,14.0,02:21:48,15.0,,,,
Diane Lee,00:54:08,724,02:33:14,723.0,,,,,,,,
Edward Arkell,00:49:01,629,02:16:47,683.0,03:21:36,671.0,04:01:27,664.0,,,,
Barry Dillon,00:48:01,566,02:06:18,530.0,03:10:58,645.0,03:42:25,637.0,,,,
Andrew Tudor,00:48:47,619,02:10:55,621.0,,,,,,,,
Harun Umarji,00:48:15,586,02:12:54,657.0,03:14:56,656.0,04:01:56,665.0,,,,
Ed Strong,00:49:17,640,02:14:22,668.0,03:23:52,675.0,04:09:46,675.0,,,,
Jamie Mifflin,00:52:52,717,02:38:37,730.0,,,,,,,,
Graham King,00:55:22,735,02:27:44,719.0,,,,,,,,
Shirley Farnan,00:50:36,689,02:15:52,676.0,03:27:10,677.0,04:21:04,676.0,,,,
Chris Haynes,00:44:51,372,02:07:13,556.0,,,,,,,,
Michael Graham,00:42:06,262,01:52:04,245.0,02:40:36,285.0,03:09:20,284.0,,,,
Caren Crabtree,00:52:03,707,02:22:12,707.0,,,,,,,,
Liz Adams,00:48:57,625,02:11:33,634.0,03:09:58,635.0,03:40:34,629.0,,,,
Will Carver,00:40:37,206,01:56:35,323.0,,,,,,,,
Matt Barton,00:49:52,659,02:35:12,726.0,,,,,,,,
Alan Metcalf,00:51:55,706,02:18:40,692.0,03:15:17,657.0,03:57:25,661.0,,,,
Mark Dixon,00:48:43,616,02:12:18,647.0,03:09:06,627.0,03:41:19,631.0,,,,
Thomas Beasley,00:32:04,22,,,,,,,,,,
Carolyn Burney,00:50:40,691,02:12:30,650.0,03:09:27,630.0,03:41:43,633.0,,,,
Mark Estienne,00:58:36,741,02:38:37,730.0,,,,,,,,
Anna Wildman,00:44:46,369,01:59:12,376.0,,,,,,,,
Barry Rayson,00:51:34,704,02:23:24,714.0,,,,,,,,
Sam Hutchinson,00:51:02,696,02:18:53,693.0,03:29:35,680.0,04:21:10,677.0,,,,
Dave Morland,00:49:50,656,02:13:06,658.0,03:10:40,641.0,04:05:54,672.0,,,,
Gary Slevin,00:56:28,738,02:30:22,720.0,,,,,,,,
Richard Crone,00:50:51,693,02:25:43,716.0,,,,,,,,
David Richmond,00:55:11,734,02:43:01,733.0,,,,,,,,
Rachael Morley,01:00:48,743,02:39:43,732.0,,,,,,,,
Ruth Derham,00:54:53,731,02:23:10,712.0,,,,,,,,
Gary Kelly,00:42:54,297,,,,,,,,,,
Louise West,00:54:40,728,02:26:30,718.0,,,,,,,,
Lesley Parker,00:49:41,651,02:09:48,603.0,03:10:28,639.0,03:41:44,634.0,,,,
Matthew Cardus,00:31:05,13,01:25:54,15.0,02:09:16,41.0,02:35:20,58.0,,,,
Roy Whittle,00:54:11,725,02:35:17,727.0,,,,,,,,
Fiona Smith,00:49:15,638,02:13:44,665.0,03:18:05,663.0,03:55:20,656.0,,,,
Sarah Brooks,00:48:22,595,02:11:25,631.0,,,,,,,,
William Buckton,00:48:51,621,02:15:58,677.0,03:23:06,673.0,03:57:28,662.0,,,,
Craig Montgomery,00:46:11,454,02:10:17,611.0,03:15:48,659.0,03:46:41,645.0,,,,
Seb Copping,00:48:59,628,,,,,,,,,,
Simon Rutherford,00:42:39,286,,,,,,,,,,
James Jarvis,00:51:05,697,02:14:44,671.0,,,,,,,,
Miranda Flannigan,00:54:35,727,02:20:56,704.0,03:23:10,674.0,04:05:02,671.0,,,,
Ian Williamson,00:47:33,543,02:12:06,643.0,03:11:10,646.0,03:41:15,630.0,,,,
Paul Watson,00:41:07,223,01:52:58,269.0,,,,,,,,
Richard Popiel,00:50:24,685,02:15:10,673.0,03:10:36,640.0,03:45:47,642.0,,,,
Holly Wootten,00:37:47,113,,,,,,,,,,
Alice Hayter,00:55:00,733,02:25:57,717.0,,,,,,,,
Sara McCloskey,00:41:05,221,,,,,,,,,,
Daniel Sumner,00:46:54,496,02:06:35,542.0,03:11:14,647.0,03:49:16,646.0,,,,
Andy Roberts,00:48:45,617,02:11:15,629.0,03:09:10,628.0,03:43:15,638.0,,,,
Luka Yates,00:56:59,740,02:37:31,729.0,,,,,,,,
Jon Burdon,00:48:27,602,02:16:19,679.0,03:13:43,653.0,04:05:54,672.0,,,,
Ross Coulbeck,00:40:03,190,01:44:24,156.0,02:30:51,190.0,,,,,,
Stephen Hird,00:39:42,182,01:51:15,236.0,,,,,,,,
David Commons,00:50:00,666,02:11:30,632.0,03:18:14,664.0,03:51:11,650.0,,,,
Rhys Gillard,00:51:05,697,02:20:31,702.0,,,,,,,,
John Anderton,00:44:53,373,02:03:52,471.0,,,,,,,,
Jonny Baines,00:49:19,641,02:14:29,669.0,03:13:28,652.0,03:57:52,663.0,,,,
Brian Stallwood,00:48:08,575,02:10:04,609.0,03:09:53,634.0,03:50:28,648.0,,,,
Raymond Banks,00:53:46,723,02:20:20,701.0,,,,,,,,
Julie Roberts,00:55:45,736,02:33:59,724.0,,,,,,,,
Robert Murphy,00:48:35,607,02:10:01,608.0,03:05:03,597.0,03:37:50,598.0,,,,
Barry Champion,00:52:32,715,02:23:47,715.0,,,,,,,,
Laurie Fripp,00:48:24,598,02:10:15,610.0,03:08:19,625.0,03:41:40,632.0,,,,
Tom Collinge,00:32:48,29,01:34:01,50.0,02:19:25,89.0,02:46:40,113.0,,,,
Rosie Warnett,00:53:06,720,02:17:46,688.0,03:19:22,665.0,03:56:29,657.0,,,,
John Robinson,00:43:05,303,01:56:54,330.0,,,,,,,,
Cheryl Jepson,00:52:06,708,02:19:25,696.0,03:16:01,660.0,03:49:21,647.0,,,,
Thomas Sanders,00:45:41,415,02:05:22,512.0,02:59:27,520.0,03:46:38,644.0,,,,
Reg Shirley,00:51:11,701,02:13:27,662.0,03:15:34,658.0,03:51:10,649.0,,,,
Chris Holdsworth,00:29:18,4,01:18:25,3.0,01:52:43,6.0,02:12:31,7.0,,,,
Rachel Flannigan,00:54:20,726,02:20:49,703.0,03:21:06,670.0,04:04:57,670.0,,,,
Jonathan Durward,00:49:56,664,02:17:21,685.0,,,,,,,,
Kent Bailey,00:47:17,519,02:09:54,605.0,,,,,,,,
Benjamin Kirkman,00:50:59,695,02:22:40,710.0,,,,,,,,
Jon Myhill,00:48:01,566,02:20:18,700.0,,,,,,,,
Alex Copping,00:48:19,592,,,,,,,,,,
Adrian Leigh,,0,,,,,,,,,,
Nicholas Cousins,00:54:43,729,02:19:49,697.0,03:28:18,679.0,04:04:14,669.0,,,,
Andrew Pye,00:50:04,670,,,,,,,,,,
Paul Harrison,00:48:31,606,02:09:58,607.0,03:09:43,633.0,,,,,,
Simon Bell,00:33:16,33,01:32:17,43.0,02:12:53,58.0,,,,,,
Martin Slevin,00:56:34,739,02:30:24,721.0,,,,,,,,
Mona Sheikh,00:51:22,702,02:13:23,660.0,03:14:02,654.0,04:02:01,666.0,,,,
Kevin Sharp,00:48:27,602,02:13:22,659.0,03:09:23,629.0,03:46:07,643.0,,,,
Abdu Ahmed,00:36:48,90,01:35:46,64.0,02:26:29,141.0,03:17:46,360.0,,,,
Jake Clarke,00:49:45,653,02:12:33,652.0,03:11:33,648.0,03:42:07,636.0,,,,
Jonny Croston,00:39:59,189,,,,,,,,,,
Andrew Paylor,00:49:30,646,02:16:07,678.0,03:18:00,661.0,03:56:55,660.0,,,,
Gareth Morgan,00:50:13,677,02:11:35,635.0,03:18:04,662.0,03:51:14,651.0,,,,
Mark Pigford,00:46:15,460,02:11:02,624.0,03:04:32,588.0,03:51:38,652.0,,,,
Andrew Dobson,00:53:31,722,02:21:25,706.0,03:19:38,666.0,03:54:26,654.0,,,,
Daniel Gill,00:45:46,423,02:04:27,488.0,,,,,,,,
Craig Cheetham,00:51:08,699,02:21:22,705.0,03:27:53,678.0,04:06:45,674.0,,,,
Andrew Clegg,00:47:51,556,02:08:44,575.0,,,,,,,,
Mathew Driscoll,00:49:51,657,02:14:47,672.0,03:11:45,649.0,03:45:22,641.0,,,,
Vanessa Oldham,00:58:36,741,02:35:54,728.0,,,,,,,,
Tserennadmid Erdenesuren,00:52:55,718,02:19:12,695.0,03:24:00,676.0,04:04:12,668.0,,,,
Debbie Hope,00:50:02,669,02:17:41,686.0,,,,,,,,
Antony Mawson,00:45:51,429,02:12:01,642.0,,,,,,,,
Ben Imeson,00:55:58,737,,,,,,,,,,
Christine Fritsch,00:52:22,711,02:22:24,709.0,,,,,,,,
Malcolm Armstrong,00:49:48,655,02:13:56,666.0,03:14:13,655.0,03:44:42,640.0,,,,
Neil Morris,00:49:04,632,02:11:53,638.0,,,,,,,,
David Faulkner,00:50:00,666,02:23:16,713.0,,,,,,,,
Simon Moriarty,00:50:07,672,02:20:11,698.0,,,,,,,,
John Taylor,00:53:30,721,02:18:07,690.0,03:21:59,672.0,04:02:47,667.0,,,,
Luca Furio,00:49:36,648,02:14:33,670.0,03:12:56,651.0,03:53:49,653.0,,,,
Giles Hawking,00:44:55,375,02:03:05,451.0,03:05:08,598.0,03:41:54,635.0,,,,
Sarah Jewers,00:54:48,730,02:35:10,725.0,,,,,,,,
Daniel McKeown,00:43:24,308,01:53:20,276.0,,,,,,,,
Alex Stride,00:51:27,703,02:22:46,711.0,,,,,,,,
Chris Fall,00:47:07,510,02:05:15,510.0,02:58:04,505.0,03:31:33,533.0,,,,
Andrew Bradley,00:48:24,598,02:16:21,680.0,,,,,,,,
Richard Pebody,00:52:27,712,02:20:17,699.0,,,,,,,,
Victoria Upton,00:52:28,713,02:19:03,694.0,03:20:31,668.0,03:55:04,655.0,,,,
Svetlin Krastev,00:50:09,674,02:22:15,708.0,,,,,,,,
Richard Keefe,00:31:32,17,01:25:45,14.0,02:05:58,29.0,02:34:38,53.0,,,,
John Field,00:54:58,732,02:31:19,722.0,,,,,,,,
Victoria Burns,01:01:31,744,,,,,,,,,,
Ted Welton,00:50:06,671,02:15:47,675.0,03:20:40,669.0,03:56:54,659.0,,,,
Ian Clarkson,00:51:08,699,02:16:33,681.0,03:12:49,650.0,03:43:36,639.0,,,,
Dave Parker,00:38:29,136,01:46:22,182.0,02:29:18,173.0,03:00:52,214.0,03:45:00,206.0,,
